merchant,raw_merchant,gold,pred,confidence,llm_evidence,n_search_results,top_result,top_url,failure_class,note
WOMEN IN HOUSING & FIN,WOMEN IN HOUSING & FIN,education_gov_membership,professional_services,0.58,"Based on web results showing WHF as a membership organization in housing and finance, a professional association (results 1-5), not a retail or consumer merchant.",5,Women in Housing and Finance,https://whfdc.org/,,
DBISP LLC,DBISP LLC,office_supplies,professional_services,0.55,"Result 2 describes DBISP, LLC as an integrator, MSP and reseller with technical expertise, indicating professional IT/services.",5,dbisp llc,https://www.dbispllc.com/,,
ASCLS,ASCLS,education_gov_membership,professional_services,0.58,"The descriptor corresponds to the American Society for Clinical Laboratory Science (ASCLS), a professional membership/advocacy organization.",4,ASCLS,https://ascls.org/,,
COURTS/USDC-WV-N,COURTS/USDC-WV-N,education_gov_membership,professional_services,0.42,"Descriptor corresponds to COURTS/USDC-WV-N, which aligns with United States District Court (courts) in West Virginia (result 1 or 3), indicating a government/legal professional service rather than consumer retail.",5,Northern District of West Virginia | United States District Court,https://www.wvnd.uscourts.gov/,,
BIO COMPANY INC,BIO COMPANY INC,industrial_hardware,INVALID,0.28,Web results reference Bio Corporation educational supplies distributor and BBB listing; descriptor BIO COMPANY INC likely misaligned but closest match from results is Bio Corporation educational materials supplier (result 4) suggesting an education-related supplier rather than a consumer retail category.,5,Biology Products,https://biologyproducts.com/,,
AUTOAUTH SERVICE,AUTOAUTH SERVICE,software_electronics,professional_services,0.42,"The descriptor 'AUTOAUTH SERVICE' suggests an authentication or automation service often used by professional or software/consulting vendors; no web results are available to confirm, so uncertain.",0,,,,
HEALTH LEVEL SEVEN,HEALTH LEVEL SEVEN,education_gov_membership,health,0.72,"Based on the descriptor 'Health Level Seven' which corresponds to HL7, a healthcare standards organization (evidence: results discussing Health Level Seven International and HL7).",5,HL7.org,https://www.hl7.org/,,
THE CARLYLE ROOM,TST* THE CARLYLE ROOM,restaurants,lodging,0.72,"The descriptor 'THE CARLYLE ROOM' corresponds to The Carlyle hotel/cabaret venues in results (e.g., The Carlyle Hotel New York and Café Carlyle), indicating a hospitality/lodging establishment associated with Rosewood's The Carlyle, New York (Result 1) and related venues (Result 5).",5,The Carlyle Hotel New York,https://www.rosewoodhotels.com/en/the-carlyle-new-york,,
NUCLEAR REG COMM FEES,NUCLEAR REG COMM FEES,education_gov_membership,professional_services,0.58,"Web results reference NRC licensing fees and regulatory fees, suggesting the merchant relates to Nuclear Regulatory Commission licensing/fees, i.e., professional government-related services.",5,License Fees | Nuclear Regulatory Commission,https://www.nrc.gov/about-nrc/regulatory/licensing/fees,,
FSP B.LIN CATERING,FSP*B.LIN CATERING,restaurants,professional_services,0.72,"Web results show B.Lin Catering is a Washington DC-based catering service offering corporate and event catering, indicating a professional services category rather than retail or groceries (result 1 and 2).",5,B.Lin Catering | Washington D.C. Event Catering,https://www.blincatering.com/,,
MAC-ISA,MAC-ISA,entertainment_media,education_gov_membership,0.72,"Descriptor MAC-ISA corresponds to Mid-Atlantic Chapter International Society of Arboriculture, a 501(c)(3) nonprofit organization offering educational events and memberships (result 1 and 2).",5,MAC-ISA,https://www.mac-isa.org/,,
CAST PUBLISHING,CAST PUBLISHING,software_electronics,education_gov_membership,0.62,"CAST Professional Publishing is linked to CAST (Center for Applied Special Technology), an educational organization; result 2 describes CAST as an education solutions provider, indicating the merchant is CAST Professional Publishing in the education sector.",5,CAST Professional Publishing,https://publishing.cast.org/?srsltid=AfmBOorrDieJdm6CsM9W_NYCeY0N6Y48ISViuwVbbdutGa2_yVJOfk7t,,
BUTLER COOKING LLC,BUTLER COOKING LLC,restaurants,INVALID,0.0,The provided category list does not include a food service option; unable to confidently classify based on given descriptor 'BUTLER COOKING LLC' without results.,0,,,,
PY POSTPARTUM SUPPORT,PY *POSTPARTUM SUPPORT,education_gov_membership,health,0.66,"Descriptor 'PY POSTPARTUM SUPPORT' aligns with Postpartum Support International and perinatal mental health resources identified in results (e.g., PSI and PMAD support)",5,Postpartum Support International,https://postpartum.net/,,
FHWA - MISC PAYMENTS,FHWA - MISC PAYMENTS,education_gov_membership,professional_services,0.42,"The descriptor 'FHWA - MISC PAYMENTS' relates to the U.S. Department of Transportation Federal Highway Administration (FHWA) and miscellaneous payments, suggesting government-related professional or administrative services rather than consumer retail categories (cite result 5 and general FHWA association in results).",5,Pay Items (FP-14) | FHWA - Department of Transportation,https://highways.dot.gov/federal-lands/estimates/pay-items-fp-14,,
COURSRA2A12B1FKC1KV9Q,COURSRA2A12B1FKC1KV9Q,education_gov_membership,industrial_hardware,0.28,"Web search results include fuse products and electrical components (KTKR112, Mersen-Ferraz ATQR1/2) related to electrical hardware, suggesting the descriptor corresponds to an industrial hardware supplier.",5,[PDF] KTKR112 1-1/2A 600V Fa Class CC Fuse - Elliott Electric Supply,https://www.elliottelectric.com/Media/KTKR112-BUS,,
SP KIEFERAUCTIONSUPP,SP KIEFERAUCTIONSUPP,retail,professional_services,0.55,"Based on web results referencing Kiefer Auction Supply as a supplier for auction clerking forms, bid paddles, and related services, indicating a professional services supplier to auctions (Result 1, 3).",5,Kiefer Auction Supply,https://www.kieferauctionsupply.com/?srsltid=AfmBOop4N4Og6fJq7sMSFJYsS-jzhWxa1Z_XGWTmOkqw8-FPuQWf0j7z,,
NATIONAL SEATING,NATIONAL SEATING,health,office_supplies,0.15,"Descriptor 'NATIONAL SEATING' aligns with several seating-related businesses; based on results, National Seating & Mobility and National Seating & co. suggest mobility/seat products rather than standard office supplies (Result 2, Result 3), though one result mentions 'National Public Seating' which is more directly an office furniture supplier (Result 5). Overall uncertainty remains, leaning away from clear office supplies.",5,National Seating,https://nationalseating.com/,,
GESSCREATIONS,SQ *GESSCREATIONS,education_gov_membership,entertainment_media,0.42,"Result 2 and 4 suggest RossCreations, a YouTuber known for prank videos, indicating the descriptor corresponds to an entertainment/media entity",5,RossCreations - YouTube,https://www.youtube.com/rosscreations,,
HOTELSCOM7277455083329,HOTELSCOM7277455083329,airlines_travel,lodging,0.58,Based on the descriptor resembling Hotels.com-related merchant in results and common lodging-related charge patterns (result 2 and result 5 discuss Hotels.com charges),5,https://us.hotels.united.com/dnsmpi,https://us.hotels.united.com/dnsmpi,,
EVOLUTION TECHNICA,IN *EVOLUTION TECHNICA,software_electronics,professional_services,0.42,"The web results suggest Evolution Technical/EVOLUTION relates to engineering, installation, or systems design services (e.g., Evolution Technology — Enterprise Systems Architecture/Development & Consulting; EVOlution Technical provides telecom services), indicating a professional services category rather than retail or software hardware.",5,Evolution Technical (@evolutiontechnical.ae) - Facebook,https://www.facebook.com/evolutiontechnical.ae,,
JESSICA AMAYA-ZUNI,SQ *JESSICA AMAYA-ZUNI,software_electronics,education_gov_membership,0.28,"The search results reference Jessica Amaya-Zuniga in association with Georgetown University and staff, suggesting an educational affiliation rather than a typical consumer retailer.",5,Jessica Amaya-Zuniga - District of Columbia Football Club,https://www.districtofcolumbiafc.com/staff/jessica-amayazuniga,,
COPSHOP,COPSHOP.COM,retail,entertainment_media,0.62,"The descriptor COPSHOP aligns with the film title Copshop (2021) mentioned in result 1 (Wikipedia) and corroborated by IMDb/Rotten Tomatoes entries in results 2 and 5, indicating it is an entertainment/media merchant.",5,Copshop - Wikipedia,https://en.wikipedia.org/wiki/Copshop,,
KANGAROO AUTO CREW,IN *KANGAROO AUTO CREW,transport_auto_fuel,professional_services,0.75,"Descriptor corresponds to Kangaroo Auto Crew, a full-service automotive repair shop in Washington, DC (result 1 and 3-5 describe automotive repair services)",5,Kangaroo Auto Crew,https://thekangaroogroup.com/autocrew/,,
AFP ECOS,AFP*ECOS,education_gov_membership,retail,0.4,I could not find results for AFP ECOS and inferred AFP ECOS likely represents a retail merchant descriptor rather than a service like software or utilities.,0,,,,
MS LOCALENASHVILLEAS,MS* LOCALENASHVILLEAS,lodging,health,0.42,"Web result 1 references Sevita Day and Vocational Services in Mississippi, which aligns with health-related services and matches the descriptor headed with MS.",5,"Day and Vocational Services in D'iberville,MS - Sevita Locations",https://locations.sevitahealth.com/united-states/ms/d-iberville/rem-mississippi/285,,
DISCOUNTRAMPSCOM,DISCOUNTRAMPSCOM,professional_services,industrial_hardware,0.66,"Web results identify DiscountRamps.com as a retailer of loading, hauling, and mobility products, which places it in industrial hardware rather than consumer retail or services (Result 1: Discount Ramps product retailer)",5,Discount Ramps,https://www.discountramps.com/?srsltid=AfmBOorIJyEUK0f0P_a00o-6DfzWHjbJs7GFZyHP_NdgGeCoXxtxbeCp,,
CONTE S BIKE SHOP NAVY,CONTE S BIKE SHOP NAVY,entertainment_media,retail,0.72,"Based on the web results indicating Conte's Bike Shop Navy Yard, a bicycle shop selling consumer goods, e.g., bikes and accessories (e.g., Conte's Bike Shop Navy Yard listing and Navy Yard location from results 1–3).",5,Navy Yard - Conte's Bike Shop,https://www.contebikes.com/about/navy-yard-pg242.htm?srsltid=AfmBOoqzpbYIj7QQKhOk5M1RWli3eB-l4GWfH_RHfLDXoEGIyC2ydHZz,,
ACME PAPER AND SUPPLY,ACME PAPER AND SUPPLY,industrial_hardware,office_supplies,0.65,Normalized descriptor 'ACME PAPER AND SUPPLY' suggests a merchant selling paper and office supplies (category: office_supplies). No web results were found to adjust confidently.,0,,,,
WAVE - BRANDT BUILDS,WAVE - *BRANDT BUILDS,professional_services,entertainment_media,0.42,"The web results reference Wuthering Waves Brant guides and related gaming content, suggesting the descriptor corresponds to a merchant related to a video game or digital media content (WAVE - BRANDT BUILDS).",5,ULTIMATE Brant Guide and Showcase! [Best Builds and MORE ...,https://www.youtube.com/watch?v=CIxgmPXnedw,,
"CVENT, INC GULF COAST","CVENT, INC* GULF COAST",education_gov_membership,professional_services,0.55,"The descriptor suggests CVENT, INC GULF COAST, which appears related to Cvent, a meetings/events technology company (professional services) per result 4 and context in result 1 indicating an event venue management context.",5,"Gulf Coast Destinations, inc. - Cvent",https://www.cvent.com/venues/en-US/sarasota/dmc/gulf-coast-destinations-inc-/venue-284a2e52-acef-4e49-972d-0d855a9a7b6c?filter=eJxNi0ELgkAUhP_LnD119PbaHiXYJq4aErFIvoMgEtsaxeJ_b_XUafjmmwloWNdsq7ZgpDe4zw4JDmeFe4zMFDm1mzSrVUZbaijLaZ9z3K2sL_9dfJVUZfoY9wHD9BjnXurJdV76RqZZXki9myXBuxs3CsuSwH-fghSar9YwleqE5QeRqi7v&hubCategory=CVB-DMC&ts=1780118761488,,
ICSC-NY,ICSC-NY,education_gov_membership,professional_services,0.62,"The descriptor corresponds to ICSC (Institute of Customer ???) However, search results show ICSC New York is a conference/event organizer for the marketplaces industry, indicating a professional membership organization and event services rather than consumer goods.",5,ICSC NEW YORK,https://www.icsc.com/attend-and-learn/events/details/new-york-2026,,
COURTS/USCA-MO-8,COURTS/USCA-MO-8,education_gov_membership,professional_services,0.42,"Descriptor COURTS/USCA-MO-8 corresponds to court-related entities (Eighth Circuit Court of Appeals in Missouri), indicating professional/legal/governmental services rather than consumer retail.",5,Eighth Circuit,https://www.ca8.uscourts.gov/,,
AGP BTPROPANE,AGP*BTPROPANE,telecom_utilities,transport_auto_fuel,0.42,"Merchant descriptor AGP BTPROPANE suggests propane/propane-related fuel used for vehicles, aligning with transport_auto_fuel; no web results available (no results cited).",0,,,,
BRAD DEEL DRONE PHOTOG,BRAD DEEL DRONE PHOTOG,entertainment_media,professional_services,0.58,"The descriptor refers to Brad Deel, a photographer; results indicate portrait/drone photography services (professional photography), suggesting professional services rather than retail or others.",5,Brad Deel,https://braddeel.com/,,
SCUBA,SCUBA.COM,entertainment_media,retail,0.55,"The descriptor 'SCUBA' commonly refers to scuba gear retailers (e.g., Scuba.com) and is associated with retail of scuba gear and equipment (result 2), suggesting a retail merchant.",5,Scuba diving - Wikipedia,https://en.wikipedia.org/wiki/Scuba_diving,,
ORGWVUPW-1,ORGWVUPW-1,lodging,software_electronics,0.62,"Descriptor matches Orgvue, a software platform for organizational design and workforce planning (result 1), indicating the merchant is a software vendor.",5,Orgvue: Organizational Design & Workforce Planning Platform,https://www.orgvue.com/,,
ALLIANCE LAUNDRY SYSTE,ALLIANCE LAUNDRY SYSTE,industrial_hardware,professional_services,0.68,"Merchant appears to be Alliance Laundry Systems, a global laundry equipment provider, referenced by results describing it as a global laundry leader and service provider (Result 1/2) supporting commercial/residential laundry solutions.",5,Contact Us - Alliance Laundry Systems,https://alliancelaundry.com/contact/,,
BIL EPIPHANY EDUCATION,BIL*EPIPHANY EDUCATION,professional_services,education_gov_membership,0.42,"Descriptor suggests an educational organization; search results reference Epiphany School/Educational Epiphany; thus category aligns with education-related, though not clearly government/membership.",5,Educational Epiphany | Washington D.C. DC - Facebook,https://www.facebook.com/EdEpiphany/,,
DELAWARE CORP & TAX WE,DELAWARE CORP & TAX WE,education_gov_membership,professional_services,0.42,"Merchant appears to be related to Delaware corporate/tax services (Delaware Corp & Tax We) per Ramp charge finder results, suggesting professional services advising on corporate/tax matters (Result 1).",5,Delaware Corp & Tax We charges - Ramp,https://ramp.com/charge-finder/delaware-corp-tax-we,,
ONLY MAKE BELIEVE,ONLY MAKE BELIEVE,education_gov_membership,entertainment_media,0.58,"Result 1 describes Only Make Believe as a non-profit arts organization that creates and performs interactive theatre for children, aligning with entertainment/media.",5,Only Make Believe,https://www.onlymakebelieve.org/,,
NELSON TREE SPECIA,SQ *NELSON TREE SPECIA,industrial_hardware,professional_services,0.68,"Result 1 describes Nelson Tree Specialist providing tree services (professional services) in MD/DC, which matches the descriptor indicating a tree service business.",5,Nelson Tree Specialist,https://nelsontreespecialist.com/,,
SAME DAY PROCESS SERVI,SAME DAY PROCESS SERVI,software_electronics,professional_services,0.62,Descriptor 'SAME DAY PROCESS SERVI' aligns with process serving/legal support services (results mention Same Day Process Service providing process serving and legal support),5,Same Day Process Service,https://www.samedayprocess.com/,,
MIDWAYUSA COM,MIDWAYUSA COM,entertainment_media,retail,0.72,"The descriptor refers to MidwayUSA, a well-known retailer selling shooting/hunting/outdoor products (result 1 and 5).",5,MidwayUSA,https://www.midwayusa.com/?srsltid=AfmBOor63iVHrkuMzHRuc5u83Ln3I3BdE22q4ZDWaI0LYTTmGON0FMU6,,
NAYAX PARKING,NAYAX PARKING,transport_auto_fuel,telecom_utilities,0.28,Result 1/3 indicate Nayax provides cashless payment solutions for parking systems and unattended machines; descriptor relates to Nayax used for parking/payments (unattended),5,Parking Payment Systems | Paid Parking Lot & Garage POS - Nayax,https://www.nayax.com/business_type/cashless-payment-solutions-for-parking-systems/,,
OPUS IVS INC,OPUS IVS INC,software_electronics,transport_auto_fuel,0.62,Opus IVS is described as providing automotive diagnostic tools and live repair guidance for professional technicians (resulting in categorization under transport_auto_fuel),4,OPUS IVS,https://opusivs.com/?srsltid=AfmBOorYLArsLZvoZ2QFPHZqhPTTTixL6EMKnw2q1QsiQc1ontj0AvDa,,
CONDOCERTS NE,CONDOCERTS NE,office_supplies,professional_services,0.62,"Condocerts is described as providing resale disclosures and HOA documents for real estate transactions (result 1), indicating a professional services role in documentation and real estate data.",5,CondoCerts,https://www.condocerts.com/home.cfm,,
A MKE HOST,A  *MKE 2024 HOST,education_gov_membership,retail,0.45,"The descriptor 'A MKE HOST' is non-descriptive; given common merchant naming patterns, it most likely corresponds to a general retail establishment rather than specialized categories.",0,,,,
RJH AIR CONDITIONING,RJH AIR CONDITIONING,industrial_hardware,professional_services,0.72,"The descriptor corresponds to RJH Air Conditioning and Refrigeration Service, which is an HVAC service provider (professional services) per results describing heating/air conditioning and refrigeration service.",5,RJH Air Conditioning and Refrigeration Service,https://www.rjhservice.com/,,
KICKSTARTBGH,KICKSTARTBGH,entertainment_media,professional_services,0.35,"Descriptor KICKSTARTBGH could refer to Kickstart-related entities; based on results, Kickstart.org, Kickstart plugin, and investor firms point to branding around startups and professional services rather than a common retail category.",5,Kickstarter,https://www.kickstarter.com/,,
CANVA I04180-69139646,CANVA* I04180-69139646,entertainment_media,software_electronics,0.55,"Merchant descriptor suggests Canva, a software/electronics provider for design software (result not found in web search provided)",0,,,,
ENVIRONMENTAL HEAL,IN *ENVIRONMENTAL HEAL,professional_services,health,0.55,"The descriptor 'ENVIRONMENTAL HEAL' suggests a focus on environmental health, aligning with health-related categories; result 1/3 discuss environmental health importance in health contexts.",5,Environmental health - World Health Organization (WHO),https://www.who.int/health-topics/environmental-health,,
SAWYER BOOKING FEE,SAWYER* BOOKING FEE,education_gov_membership,professional_services,0.42,"Sawyer Booking Fee is associated with Sawyer, a platform for booking services; the descriptor indicates a booking fee tied to a service marketplace, pointing to professional services rather than goods.",5,What is the Sawyer Booking Fee?,https://support.hisawyer.com/en/articles/11326171-what-is-the-sawyer-booking-fee,,
THERAPIST EXPRESS,THERAPIST EXPRESS,entertainment_media,health,0.55,"Therapist Express/THERAPIST EXPRESS appears to be related to therapy services and continuing education for mental health professionals (result 1 and 2), indicating a health/therapy professional services category.",5,Therapy Express,https://therapyexpress.com/,,
A AND E CONSTRUCTI,IN *A AND E CONSTRUCTI,industrial_hardware,professional_services,0.45,Merchant descriptor 'A AND E CONSTRUCTI' likely refers to 'A and E Construction' (construction-related professional services); no web results provided.,0,,,,
CRICUT,CRICUT,entertainment_media,software_electronics,0.64,"The descriptor matches Cricut, a brand known for cutting machines and design software (e.g., Cricut Design Space) per result 1 and 5.",5,Cricut,https://cricut.com/en-us/,,
FSP GO APE LAKE NEEDWO,FSP*GO APE LAKE NEEDWO,airlines_travel,entertainment_media,0.62,"Result 1 describes Go Ape, an outdoor zipline and adventure park (entertainment/activities), matching the descriptor suggesting a recreational park experience.",5,Zipline Adventure Park | Go Ape Treetop Adventure Park,https://www.goape.com/,,
TASKFORCE NATIONAL IM,TASKFORCE* NATIONAL IM,education_gov_membership,professional_services,0.42,"Descriptor 'TASKFORCE NATIONAL IM' appears to be an organization/meeting/task force name rather than a consumer retail descriptor; the closest match is professional/public sector task forces (e.g., National Security Task Force) per results 1-3 and 5, suggesting a professional/services context.",5,Chairman Aguilar Relaunches National Security Task Force To ...,https://www.dems.gov/newsroom/press-releases/chairman-aguilar-relaunches-national-security-task-force-to-ensure-america-remains-leader-of-the-free-world,,
BRANSON GROUP,SQ *BRANSON GROUP,professional_services,entertainment_media,0.42,"The search results reference Branson Tourism Center and groups/events in Branson, suggesting the descriptor corresponds to an entertainment/tourism-related business in Branson, MO (result 1)",5,Branson Tourism Center Groups Department,https://www.bransongroups.com/,,
INFRASTRUCTURE SOLUTIO,INFRASTRUCTURE SOLUTIO,industrial_hardware,professional_services,0.42,"Web result 1 describes I-Solutions as Infrastructure Construction and engineering services, suggesting a professional services firm related to infrastructure projects (result 1).",5,I-Solutions: Infrastructure Construction,https://www.i-solutionsllc.com/,,
PREMIER SUPPLIES USA I,PREMIER SUPPLIES USA I,industrial_hardware,office_supplies,0.52,"Merchant descriptor 'PREMIER SUPPLIES USA I' suggests a supplier of office supplies; no web search results available to confirm, but 'SUPPLIES' strongly indicates office-related goods.",0,,,,
ASTDA,ASTDA,education_gov_membership,health,0.62,"The ASTDA refers to the American Sexually Transmitted Diseases Association, a health professional organization (result 2), indicating the merchant is health-related.",5,ASTDA,https://astda.org/,,
THE FITGURL STUDIO,SQ *THE FITGURL STUDIO,professional_services,health,0.55,"Result 1 indicates The FitGurl Studio focuses on stroke recovery and movement practices, suggesting a health-related practitioner or studio.",5,The FitGurl Studio (@thefitgurlstudio) • Instagram photos and videos,https://www.instagram.com/thefitgurlstudio/,,
DAN SERVICES INC,DAN SERVICES INC,entertainment_media,health,0.62,"The normalized descriptor 'DAN SERVICES INC' and web results point to Divers Alert Network (DAN), a not-for-profit organization providing medical and emergency services for divers (result 1, 2, and 3), which aligns with health.",5,Divers Alert Network,https://dan.org/,,
EZPRINTHOUZ,EZPRINTHOUZ,office_supplies,professional_services,0.58,"Result 1 describes EzPrintHouz as a DTF printing service, indicating the merchant is a print/DTF services business (EzPrintHouz).",5,EzPrintHouz,https://ezprinthouz.com/?srsltid=AfmBOopxcK4U7kwu1tz0oVuJBA5e4Fw2ajeUaIWOcXPOra78XPjkoFRK,,
TWPPROMO71362644,TWPPROMO71362644,office_supplies,retail,0.42,"Based on result 1 describing TWP Clothing, a retailer of women's clothing, matching the descriptor's likely merchant name.",5,TWP Clothing,https://www.twpclothing.com/?srsltid=AfmBOor85NgomSKE8aJyxGY_T-WIiGtc709lmJYSkkbOHvFaLbVBI4ut,,
BOOKPAL,BOOKPAL,retail,education_gov_membership,0.35,"Result 1 indicates BookPal is a wholesale bookstore for bulk book orders, suggesting it's a corporate/educational book supplier; Result 2/4 show B2B/book distribution; category aligns with education-related bulk book supplier (education_gov_membership) rather than retail consumer or other sectors.",5,BookPal,https://bookpal.com/?srsltid=AfmBOorDbkzrLcMBkHNOOBZRgFi3mtSpmuhl7ITsD6Bxyn9TBx8-Qg01,,
BLOOMBERG BB-3141-527,BLOOMBERG* BB-3141-527,office_supplies,financial_postal_shipping,0.55,"The descriptor BLOOMBERG BB-3141-527 corresponds to Bloomberg; results discuss Bloomberg Fixed Income Indices, suggesting the merchant is Bloomberg and relates to financial services data, not a consumer category.",5,Confident benchmarking starts with Bloomberg Fixed Income Indices,https://www.bloomberg.com/professional/products/indices/fixed-income/,,
FACEBK KLDH9BYFQ2,FACEBK *KLDH9BYFQ2,professional_services,entertainment_media,0.55,"Descriptor FACEBK* is commonly associated with Facebook/Meta advertising charges (result 3 and 4), which are related to media/advertising content usage.",5,Scam Alert - FACEBK - Have you seen this? : r/southafrica - Reddit,https://www.reddit.com/r/southafrica/comments/1mbfung/scam_alert_facebk_have_you_seen_this/,,
PRINT ORACLE,PRINT ORACLE,office_supplies,retail,0.58,"Result 1 describes Print Oracle as a design custom apparel and gifts shop, indicating a retail print-on-demand business selling custom merchandise.",5,Print Oracle,https://www.printoracle.com/?srsltid=AfmBOoqA88dy3ulVDcgO6ETxtL9aoGnq8kjuJ1WRbAARTFOmQgYNMj3I,,
FACEBK QHRKW8UFQ2,FACEBK *QHRKW8UFQ2,professional_services,software_electronics,0.62,"Descriptor FACEBK* is commonly associated with Facebook (Meta) advertising charges, related to software/electronics platform charges per result 4.",5,Just a heads up about a new credit card scam. The charges ... - Instagram,https://www.instagram.com/p/C33c38PSwhG/?hl=en,,
4WALL ENTERTAINMENT,4WALL ENTERTAINMENT,professional_services,entertainment_media,0.65,Result 1/4 indicate 4Wall Entertainment is a lighting/production services company for entertainment; descriptor corresponds to that merchant type.,5,4Wall Entertainment,https://www.4wall.com/,,
HEGGERTY HEGGERTY,HEGGERTY* HEGGERTY.ORG,office_supplies,education_gov_membership,0.55,"Descriptor matches Heggerty Phonemic Awareness & Early Literacy Programs, an education-focused provider (result 1-4), indicating the merchant is in education-related services.",5,Heggerty | Phonemic Awareness & Early Literacy Programs,https://heggerty.org/,,
HAWTHORNE EDUCATIONAL,HAWTHORNE EDUCATIONAL,office_supplies,education_gov_membership,0.62,"Merchant is Hawthorne Educational Services, Inc., a provider of educational resources and services (results 1-2) related to education, suggesting the descriptor corresponds to an education-focused merchant.",5,"Hawthorne Educational Services, Inc.",https://www.hawthorne-ed.com/?srsltid=AfmBOop2x45qUJhbDzHrHsO4H_DKasGG7ezor_O9rKV9dOgwriswFbTN,,
"E3 DIAGNOSTICS, INC","E3 DIAGNOSTICS, INC",health,professional_services,0.72,"Evidence from result 1 and 2 describe e3 Diagnostics as a leading provider/seller of audiology equipment and services, i.e., professional services in medical equipment.",5,e3 Diagnostics,https://e3diagnostics.com/,,
FACEBK AVQDN8CGQ2,FACEBK *AVQDN8CGQ2,professional_services,software_electronics,0.62,"FACEBK* charges are associated with Meta/Facebook Ads (e.g., result 4 states FACEBK* charges from Facebook Ads Manager)",5,Just a heads up about a new credit card scam. The charges ... - Instagram,https://www.instagram.com/p/C33c38PSwhG/?hl=en,,
EDWEEK PRINT,EDWEEK PRINT,office_supplies,education_gov_membership,0.62,"The descriptor 'EDWEEK PRINT' matches Education Week in print publications and products listed in results 1-3, indicating Education Week education-related materials or memberships.",5,Education Week News in Print,https://www.edweek.org/issue/education-week-news-in-print,,
BLACKOUT EZ LLC,BLACKOUT EZ LLC,retail,professional_services,0.4,Merchant descriptor BLACKOUT EZ LLC provides no web results; inferred as a professional services entity from generic LLC naming rather than consumer retail.,0,,,,
PAY,PAY,retail,financial_postal_shipping,0.3,"Descriptor is 'PAY' and web results reference Pay.gov and PayPal; limited specific merchant info makes it ambiguous, but Pay.gov is a government payments portal suggesting financial/fee processing category.",5,"Pay, Send and Save Money with PayPal | PayPal US",https://www.paypal.com/,,
PAYMENT CANVASDISCOUNT,PAYMENT*CANVASDISCOUNT,entertainment_media,retail,0.62,"Based on the descriptor and search results, CanvasDiscount.com offers canvas prints and custom decor, which is a retail consumer goods site (Result 1)",5,Canvas Discount,https://www.canvasdiscount.com/?srsltid=AfmBOoqWqa_Tbd4WUm8jYo8twOS9l91WuTkDeW6vh0CFvYdkgdILgvJE,,
CIVITAS NETWORKS FOR H,CIVITAS NETWORKS FOR H,education_gov_membership,health,0.72,"Web results identify Civitas Networks for Health as a national collaborative focused on health data and interoperability (results 1 and 2), indicating the merchant is Civitas Networks for Health.",5,Civitas Networks for Health,https://civitasforhealth.org/,,
HOTELCOM72913031480401,HOTELCOM72913031480401,airlines_travel,lodging,0.72,Descriptor suggests Hotels.com (Hotels.com charges) which is a lodging/hotel booking service; result 1 references Hotels.com charges and charge finder for Hotels.com.,5,Hotels.com charges — What is EHOTEL9074509633282? - Brex,https://www.brex.com/tools/charge-finder/hotelscom,,
REALTYRATESCOM,REALTYRATESCOM,office_supplies,professional_services,0.55,"The descriptor RealtyRates.com relates to commercial real estate market data services (RealtyRates.com), which aligns with professional services (research/analysis) rather than consumer goods.",5,RealtyRates.com,https://www.realtyrates.com/,,
XCELEVENTS,XCELEVENTS,professional_services,entertainment_media,0.28,No web results available; descriptor 'XCELEVENTS' suggests events-related entertainment activity.,0,,,,
CLASSMARKER,CLASSMARKER.COM,software_electronics,education_gov_membership,0.55,"Merchant descriptor CLASSMARKER corresponds to ClassMarker, an online testing/quiz platform used for exams and quizzes (result 1), suggesting educational testing services.",5,ClassMarker,https://www.classmarker.com/?srsltid=AfmBOoos9Fi08Ygt341lyzwd7rMs2FtuCnsDTuYRs95BJBmIctm-dy_e,,
HOTEL RES-GEORGIAN TER,HOTEL RES-GEORGIAN TER,airlines_travel,lodging,0.72,"Descriptor corresponds to The Georgian Terrace Hotel in Atlanta (result 1), indicating a hotel's name and location, thus lodging category.",5,Midtown Atlanta Hotels | Official Website | Georgian Terrace,https://thegeorgianterrace.com/,,
ABOUT COMICS,SQ *ABOUT COMICS,office_supplies,entertainment_media,0.65,"Based on the web results, About Comics is a publisher of comics and related media (Result 1 and Result 2), which places it in entertainment_media.",5,About Comics,https://www.aboutcomics.com/wp/,,
INVESTIGATIONS INSTITU,INVESTIGATIONS INSTITU,education_gov_membership,professional_services,0.42,"The descriptor points to institutes and training in investigations (IICI, Institute of Criminal Investigations), which aligns with professional services rather than consumer goods.",5,IICI,https://iici.global/,,
GLOBAL-E JABRA,GLOBAL-E* JABRA,software_electronics,office_supplies,0.42,"Descriptor 'GLOBAL-E JABRA' corresponds to Jabra, which is known for headsets and office electronics; result 2 indicates Jabra products and office use of headsets, suggesting office_supplies.}",5,Online Store Support,https://www.jabra.com/store-support,,
OAKTREE,OAKTREE,health,financial_postal_shipping,0.55,"The descriptor OAKTREE corresponds to Oaktree Capital Management, a global asset management/financial services firm per results 1-3, suggesting a financial services category.",5,Oaktree Capital Management,https://www.oaktreecapital.com/,,
PY ASSOCIATION OF NUR,PY *ASSOCIATION OF NUR,education_gov_membership,professional_services,0.52,"Web search results reference American Nurses Association and related nursing professional organizations (results 1-5), indicating a professional services/association provider rather than retail or consumer goods.",5,American Nurses Association: American Nurses Enterprise,https://www.nursingworld.org/,,
CHARLES HART SEED COMP,CHARLES HART SEED COMP,industrial_hardware,retail,0.66,"The descriptor corresponds to The Chas. C. Hart Seed Co., a long-standing seed retailer (gardening seeds) as shown in result 1 and related profiles, indicating a retail seed shop.",5,Hart Seed,https://www.hartseed.com/,,
CHOP CHOP MOVERS,SQ *CHOP CHOP MOVERS,professional_services,transport_auto_fuel,0.72,"Result 1 describes Chop Chop Movers as a moving services company (residential & commercial), indicating a transport/moving service category.",5,Chop Chop Movers,https://chopchopmovers.com/,,
CHILDREN'S NAT'L MEDIA,CHILDREN'S NAT'L MEDIA,education_gov_membership,health,0.72,"Based on the descriptor containing“CHILDREN’S NAT’L MEDIA” and the search results referencing Children’s National Hospital and media materials, it aligns with a pediatric health institution.",5,Media Kit | Children's National,https://www.childrensnational.org/about-us/newsroom/media-kit,,
SECURITIES & INSURANCE,SECURITIES & INSURANCE,education_gov_membership,financial_postal_shipping,0.42,"The descriptor suggests securities and insurance regulatory activity; closest category among list is financial_postal_shipping, citing result 1 or 4 indicating government regulatory body for securities/insurance rather than a consumer retail merchant.",5,Montana Commissioner of Securities and Insurance: Home,https://csimt.gov/,,
INTERVIEWSTREAM,INTERVIEWSTREAM,software_electronics,education_gov_membership,0.4,"Descriptor INTERVIEWSTREAM corresponds to InterviewStream, a platform for interviewing and screening candidates (result 1/2), used for on-line mock interviews and hiring processes; categorized here under education_gov_membership due to its role in interview training and recruitment education services.",5,interviewstream,https://interviewstream.com/,,
AMERICAN ACADEMY OF HI,AMERICAN ACADEMY OF HI,education_gov_membership,health,0.62,"Based on web result 1: American Academy of HIV Medicine, a professional organization focused on HIV care providers.",5,American Academy of HIV Medicine | Supporting HIV Care Providers,https://aahivm.org/,,
BIG BAD WOOF - THE BIG,BIG BAD WOOF - THE BIG,retail,entertainment_media,0.25,"Merchant descriptor 'BIG BAD WOOF - THE BIG' resembles a branding that may align with an entertainment or media entity, but no web results to confirm (no result available for this descriptor).",0,,,,
AMTRAK REF28,AMTRAK REF28,transport_auto_fuel,airlines_travel,0.66,"Merchant descriptor AMTRAK REF28 corresponds to Amtrak, a travel and rail service, citing result 1.",5,"Amtrak: Train Tickets, Schedules & Routes",https://www.amtrak.com/home,,
MINUTEMAN PRESS ARLING,MINUTEMAN PRESS ARLING,office_supplies,professional_services,0.72," result 1 describes Minuteman Press of Arlington as a full-service marketing, graphic design, print and production company.",5,"Printing in Arlington VA 22203, Copying Services, Signs & Banners",https://minuteman.com/us/locations/va/arlington20/,,
CANVA I04345-6304271,CANVA* I04345-6304271,professional_services,software_electronics,0.62,"The descriptor clearly references Canva, an online graphic design tool (result 2), which categorizes under software/electronics.",5,Why have I been charged? - Canva Help Center,https://www.canva.com/help/unfamiliar-charge/,,
CHANGE OF ADDRESS SERV,CHANGE OF ADDRESS SERV,professional_services,INVALID,0.0,"Unable to map exact descriptor to provided categories; the descriptor resembles 'Change of Address' related to USPS COA services (evidence from web result 1/2), which is postal/shipping related.",5,Standard Forward Mail | USPS,https://www.usps.com/manage/forward.htm,,
FACEBK MUHUFJ4JP2,FACEBK *MUHUFJ4JP2,professional_services,software_electronics,0.6,"The descriptor FACEBK is commonly associated with Facebook-related charges (ads, platform payments) per results noting FACEBK as Facebook/Meta ad charges (results 3 and 4)",5,Just a heads up about a new credit card scam. The charges ... - Instagram,https://www.instagram.com/p/C33c38PSwhG/?hl=en,,
ZOOM 888-799-966,ZOOM.COM 888-799-966,telecom_utilities,software_electronics,0.72,The descriptor refers to Zoom (zoom.us) which is a software/tech company providing video conferencing; evidence from result 4 showing ZOOM.US 888-799-9666 and results 1-2 showing Zoom contact information.,5,Contact Us - Zoom,https://www.zoom.com/en/contact/,,
SOCIAL THINKING,SOCIAL THINKING,retail,education_gov_membership,0.42,"Result 2 describes a teaching framework Social Thinking used in schools and clinics, indicating an education-related context.",5,Social Thinking,https://www.socialthinking.com/,,
LIZS CREATIONS LLC,SQ *LIZS CREATIONS LLC,industrial_hardware,retail,0.42,"Result 2 shows Liz's Creations with custom tumblers and gifts, indicating a retail goods business selling crafts.",5,Liz's Creations (@Espurgiscreations) - Facebook,https://www.facebook.com/Espurgiscreations/,,
TICKETS NET INCLUS,TICKETS*NET INCLUS,education_gov_membership,entertainment_media,0.58,"Descriptor resembles ticket seller/venue domain; web results suggest ticketing entities (e.g., Stubs.net, TicketCentral/Nets tickets) indicating entertainment ticketing context (result 1).",5,Stubs.net: Events,https://stubs.net/,,
SP IHS GLOBAL INC,SP IHS GLOBAL INC,software_electronics,professional_services,0.62,"Descriptor matches S&P Global / IHS Markit merger context; result 1 and 3 indicate S&P Global and IHS Markit entities, implying professional information services",5,S&P Global,https://www.spglobal.com/en,,
AIRCLEAN SYSTEMS,AIRCLEAN SYSTEMS,industrial_hardware,office_supplies,0.4,"Merchant descriptor 'AIRCLEAN SYSTEMS' suggests a company that provides air cleaning systems or HVAC-related products, typically associated with office or workplace supplies. No web results were found to confirm an exact category.",0,,,,
WEST MUSIC - ACCOUNTIN,WEST MUSIC - ACCOUNTIN,entertainment_media,education_gov_membership,0.15,"Merchant appears to be West Music, a music retailer; none of the provided results clearly show education/government membership, but result 4- West Music Careers and result 5 LinkedIn indicate a retail/music store; however, the descriptor likely corresponds to a retail/music retailer rather than a professional services or education/ membership.",5,Contact Us | West Music,https://www.westmusic.com/contact-us?srsltid=AfmBOorOAhfzvAf4JLZ8T5A61crlN7n55gsY-x-JJ43OVFWuQkcD-g8E,,
CANVA I04433-51473672,CANVA* I04433-51473672,professional_services,software_electronics,0.66,Web results indicate Canva is a visual design software platform (results 1-5),5,Canva: Visual Suite for Everyone,https://www.canva.com/,,
SP AQUASPACE WATER,SP AQUASPACE WATER,software_electronics,retail,0.58,"Result 1 indicates Aquaspace Water Systems sells consumer water filtration products, aligning with a retail category for consumer goods.",5,Aquaspace Water Systems: Premium Water Filters with NASA Tech,https://aquaspace.com/,,
BESTBUYCOM807035782750,BESTBUYCOM807035782750,software_electronics,retail,0.6,"Best Buy is a major consumer electronics retailer; descriptor BESTBUYCOM suggests Best Buy, a retail store (not electronics-specific only) based on common merchant naming.",0,,,,
SP GOAL ZERO,SP GOAL ZERO,software_electronics,retail,0.55,"The descriptor refers to Goal Zero, a brand selling portable power stations and solar products, which is a consumer retail brand (result 1).",5,Goal Zero,https://goalzero.com/?srsltid=AfmBOorKqK1iLoSdjDmYLaKF8GuVltiT4kR5oBDjSwmAXzE92UTArir7,,
SP HUMAN KINETICS,SP HUMAN KINETICS,retail,education_gov_membership,0.58,"Web result 1 describes Human Kinetics as a publisher of health and physical activity materials and continuing education resources, implying an educational/educational membership nature.",5,Human Kinetics,https://us.humankinetics.com/?srsltid=AfmBOoo2GWlT1KXktYQoc-WaW67mQMS8l6ghG-eIOHaN5SAnWEgDo90f,,
CVENT WELCOMING INTER,CVENT* WELCOMING INTER,education_gov_membership,software_electronics,0.55,"Merchant descriptor normalized: CVENT WELCOMING INTER; results show Cvent as event management software platform used by planners, indicating a software/electronics provider for events (Result 1)",5,Cvent,https://www.cvent.com/,,
JUSTICE WOODS,SQ *JUSTICE WOODS,health,professional_services,0.42,"The descriptor ‘JUSTICE WOODS’ appears to refer to an individual with credentials in athletic training/health (result 1 and 5), suggesting a professional services context rather than retail or consumer goods.",5,"Justice Woods, MS, ATC, LAT, CES - Men's Basketball Support Staff",https://hubison.com/sports/mens-basketball/roster/staff/justice-woods-ms-atc-lat-ces/25,,
CDW GOVT #AD1NL1W,CDW GOVT #AD1NL1W,software_electronics,education_gov_membership,0.72,"The descriptor corresponds to CDW Government, which provides IT solutions for government, education, and public sector, as supported by result 2 and 1 showing CDW Government and public sector/government focus.",5,CDW Government & Public Sector IT Solutions and Contracts,https://www.cdwg.com/,,
SESAC,SESAC,professional_services,entertainment_media,0.55,"Merchant descriptor SESAC corresponds to SESAC, a performing rights organization for songwriters/composers; related results identify SESAC as an entertainment/media organization.",5,SESAC,https://www.sesac.com/,,
"MGS GROUP, INC","IN *MGS GROUP, INC.",professional_services,office_supplies,0.58,"Web result 1 references The MGS Group as a supplier of office supplies and related products, suggesting the merchant is an office supplies provider (descriptor: MGS GROUP, INC).",5,The MGS Group,https://www.mgsgroupinc.com/,,
CANVA I04453-68749342,CANVA* I04453-68749342,professional_services,software_electronics,0.64,"Merchant descriptor resembles Canva, a design software service; result 3 confirms Canva is a graphic design software platform.",5,Why have I been charged? - Canva Help Center,https://www.canva.com/help/unfamiliar-charge/,,
BAILEYMANUF,BAILEYMANUF,health,industrial_hardware,0.42,"The descriptor BAILEYMANUF resembles Bailey Manufacturing, historically a hardware/manufacturing firm; web results mention Tuttle & Bailey Manuf'g Co and Bailey Manufacturing, implying an association with manufacturing/industrial hardware rather than retail or services.",5,Tuttle & Bailey Manuf'g Co. The Wilson Adjustable Chair Mf'g Co,https://www.davidrumsey.com/luna/servlet/detail/RUMSEY~8~1~35782~1201263:Tuttle-&-Bailey-Manuf-g-Co--The-Wil,,
GREATER WA INV-24,GREATER WA* INV-24,education_gov_membership,professional_services,0.42,"The descriptor suggests a Greater Washington organization involved in partnerships and governance (GREATER WA), aligning with professional services entities; result 1 references Greater Washington Partnership as a business/advocacy alliance rather than consumer goods.",5,Greater Washington Partnership | Champions for Growth and Shared ...,https://greaterwashingtonpartnership.com/,,
FRITZPHOTOG,FRITZPHOTOG,entertainment_media,professional_services,0.68,"Based on the web results, Fritz Photo/Photography businesses offer photography services (weddings, portraits, commercial), indicating a professional services merchant rather than retail or other categories (cite result 1 or 2).",5,Fritz Photo,https://www.fritzphoto.com/,,
WABA PAYMENT FOR INVOI,WABA PAYMENT FOR INVOI,education_gov_membership,software_electronics,0.38,"Descriptor 'WABA PAYMENT FOR INVOI' appears related to WhatsApp Business API (WABA) billing, which is a software service for messaging; result 1 mentions WABA and billing/currency change in Meta for Developers (software/service), suggesting the merchant is a software service provider.",5,Change billing currency via API | Meta for Developers - Facebook,https://developers.facebook.com/documentation/business-messaging/whatsapp/pricing/change-billing-currency,,
CANVA I04467-53790868,CANVA* I04467-53790868,professional_services,software_electronics,0.58,"Merchant descriptor canonicalized as CANVA, which is the design software platform Canva; result infers software/electronics category (result 1: Canva is a software service)",0,,,,
CANVA 04479-10489522,CANVA* 04479-10489522,professional_services,software_electronics,0.72,"Based on result 1 and 5 identifying Canva as an online graphic design tool and its Visual Suite, which places it in software/electronics.",5,Canva: Visual Suite for Everyone,https://www.canva.com/,,
DIVERSIFIED,SQ *DIVERSIFIED,restaurants,entertainment_media,0.58,Based on search result 1 describing Diversified as a global leader in audio visual and media innovation and immersive spaces.,5,Diversified: A global leader in audio visual and media innovation,https://onediversified.com/,,
CREATE A STOLE,CREATE A STOLE,retail,education_gov_membership,0.55,"Merchant appears to be Create A Stole, a service for designing custom graduation stoles, which relates to education/academic ceremonies (Result 1 suggests a design service for graduation stoles).",5,Create A Stole,https://createastole.com/?srsltid=AfmBOorwArrs7iVkAxgg-JcbJ7F2U2ZRLxaJ7pqOxl_EHVfg-L0OXUaq,,
LANCASTER COUNTY FIREM,LANCASTER COUNTY FIREM,education_gov_membership,telecom_utilities,0.54,"Descriptor appears to be linked to Lancaster County Fire/EMS communications (LCWC), a public safety dispatch/communication organization (results 1,4), indicating a utilities/telecommunications rather than a typical retail category.",5,Live Incident List | Lancaster County-Wide Communications,https://www.lcwc911.us/live-incident-list,,
DEEPL SUB:BTUAEHUBXKP,DEEPL* SUB:BTUAEHUBXKP,education_gov_membership,software_electronics,0.52,"Merchant appears to be DeepL, a translation software provider (descriptor resembles DeepL Pro subscription terms; result 2 indicates DeepL Pro services)",5,Cancel subscription – DeepL Help Center | How Can We Help You?,https://support.deepl.com/hc/en-us/articles/360020723719-Cancel-subscription,,
CANVA 04509-12302588,CANVA* 04509-12302588,professional_services,software_electronics,0.62,"Merchant is Canva, a graphic design software platform (result 2) with Canva-related templates (results 2-4).",5,Canva Official Website,https://www.canva.com/?utm_source=mkt1,,
SP JROTC,SP JROTC.COM,retail,education_gov_membership,0.62,"The descriptor resembles SP JROTC, which aligns with Junior Reserve Officers' Training Corps (JROTC) programs often tied to schools and government education programs (result 2 and 5 reference JROTC programs, and result 1/5 are US Army JROTC sources).",5,"USARMYJROTC – ""To motivate young people to be better citizens""",https://usarmyjrotc.army.mil/,,
SP WPE PRODUCTION,SP WPE PRODUCTION,office_supplies,professional_services,0.58,"Web results indicate WPE Production / WPE Printing is a large-format printing and exhibit production company, which falls under professional_services (result 2) and related printing services (result 1/3/5).",5,WPE Production,https://wpeprinting.com/?srsltid=AfmBOop1Yxpwu3aky8UMdj0FnjgMfxt5biE_skm45QopT3TA_nWXxkCa,,
PEAK TRAMWAYS,PEAK TRAMWAYS 63100,airlines_travel,transport_auto_fuel,0.75,"Merchant descriptor 'PEAK TRAMWAYS' corresponds to The Peak Tram, a historic funicular railway in Hong Kong (result 1), indicating transportation/travel services.",5,Peak Tram - Wikipedia,https://en.wikipedia.org/wiki/Peak_Tram,,
LIBERTY SCIENCE CENTER,LIBERTY SCIENCE CENTER,entertainment_media,education_gov_membership,0.66,"Merchant descriptor LIBERTY SCIENCE CENTER corresponds to Liberty Science Center, a science museum/education center (e.g., result 1 and 4).",5,Liberty Science Center,https://lsc.org/,,
Q N Q CLEANERS,Q N Q CLEANERS,professional_services,retail,0.62,"The descriptor corresponds to Q and Q Dry Cleaners / Q n Q Cleaners, a dry cleaning business located in Washington, DC (result 1 and 2), indicating a retail service for clothing care.",5,Q AND Q DRY CLEANERS - Updated September 2026 - 43 Reviews - Yelp,https://m.yelp.com/biz/q-and-q-dry-cleaners-washington,,
OVERDRIVE DIST,OVERDRIVE DIST,software_electronics,entertainment_media,0.42,"Normalized descriptor OVERDRIVE DIST resembles a guitar effects pedal vendor (overdrive/distortion), as seen in result 3 and 5 discussing overdrive/distortion pedals (guitar gear) rather than a typical retail/finance category.",5,What is the difference between overdrive and distortion? - Facebook,https://www.facebook.com/groups/1622741738008344/posts/4149278612021298/,,
GORDON FOOD SERVICE,GORDON FOOD SERVICE,industrial_hardware,INVALID,0.6,"The descriptor corresponds to Gordon Food Service (GFS), a North American foodservice distributor and wholesale supplier (result 1) with stores and distribution centers for foodservice customers.",5,Gordon Food Service,https://gfs.com/en-us/,,
SP PUZZLE HUDDLE,SP PUZZLE HUDDLE,entertainment_media,retail,0.62,"The descriptor corresponds to Puzzle Huddle, a retailer selling children's puzzles and related products (result 1-2, 4-5), indicating a consumer retail storefront.",5,All Puzzles,https://puzzlehuddle.com/collections/frontpage?srsltid=AfmBOopJp3Wz5zjnbH9XZM3r5pu-f1Tfbu9I6LXy9fvxDzVT842hpbJF,,
BOSCH AUTOMOTIVE SERVI,BOSCH AUTOMOTIVE SERVI,transport_auto_fuel,professional_services,0.42,"The descriptor 'BOSCH AUTOMOTIVE SERVI' suggests Bosch Automotive Service, likely a professional services provider (automotive services/repair) rather than a product retailer.",0,,,,
PSS K12,PSS K12,office_supplies,education_gov_membership,0.58,"Based on the descriptor PSS K12 and search result 1/2 indicating education-related poster making for K-12 educators and classroom posters (pssk12.com), suggesting an education-focused merchant rather than retail or software.",5,PSS,https://pssk12.com/,,
DISCOUNT PLAYGROUND,DISCOUNT PLAYGROUND,industrial_hardware,education_gov_membership,0.42,"Based on web results referencing Discount Playground Supply, which sells playground equipment to public playgrounds and schools; it aligns more with education/government-related suppliers and nonprofit/public sector use rather than consumer retail.",5,Discount Playground Supply,https://discountplaygroundsupply.com/?srsltid=AfmBOoq28xc9ooES3gyWqi6r4DTr4QxTiE-AnRZ3XUNPkcFW0nZ3iE5B,,
WWW.BARCODE-ARENA.COM,WWW.BARCODE-ARENA.COM,industrial_hardware,office_supplies,0.55,"Result 1 describes Barcode Arena as a provider of barcode scanners, printers, mobile computers & data collection, which are typically sold through office supply channels.",4,Barcode-Arena.com,https://www.barcode-arena.com/?srsltid=AfmBOoofIFhUqVdeI_JmxMP3gB-yIZwcrpEydglfcQ4Yi6wo6SeIUDGM,,
FOX PRESS,FOX PRESS,office_supplies,professional_services,0.62,"The descriptor FOX PRESS corresponds to Fox Press, a full-service commercial printer, indicating a professional services category (result 4 mentions a full-service printer).",5,Fox Press,https://foxpress.com/,,
CDW GOVT #AF5NZ6G,CDW GOVT #AF5NZ6G,software_electronics,office_supplies,0.62,"Descriptor suggests CDW Government; results describe CDW Government as an IT solutions provider for government and public sector (result 1/2), indicating a vendor of IT products often categorized under office supplies or technology solutions for offices.",5,CDW Government & Public Sector IT Solutions and Contracts,https://www.cdwg.com/,,
LINKEDIN RECRUITER P76,LINKEDIN RECRUITER P76,retail,professional_services,0.66,"The descriptor refers to LinkedIn Recruiter, a professional hiring tool; results 1-3 describe LinkedIn Recruiter products for hiring and recruitment.",5,LinkedIn Recruiter Lite | Candidate Search Tool,https://business.linkedin.com/hire/recruiter-lite,,
LEVEL FRAMES ORDER,LEVEL FRAMES ORDER,professional_services,retail,0.64,"The descriptor corresponds to Level Frames, an online custom framing retailer (results show Level Frames selling frames and gifting items), which aligns with retail activities.",5,Level Frames,https://www.levelframes.com/?srsltid=AfmBOopv3uqpp-u3q28HWpPOLoEbdoLgZoO2L9byYWV70u2g8TwvVqWY,,
CDW GOVT #AF7BD7T,CDW GOVT #AF7BD7T,software_electronics,education_gov_membership,0.66,"CDW Government appears in search results as government/public sector IT solutions, indicating a government-related entity (result 1, 2, and 4).",5,CDW Government & Public Sector IT Solutions and Contracts,https://www.cdwg.com/,,
ANGELA ROSE CULINA,SQ *ANGELA ROSE CULINA,restaurants,professional_services,0.62,"Result 2 describes Angela as a chef and caterer with culinary services, indicating a professional services activity.",5,Angela Rose (@chef_arose) • Instagram photos and videos,https://www.instagram.com/chef_arose/,,
"NUPARADIGM, INC. F","SQ *NUPARADIGM, INC. F",entertainment_media,health,0.42,"Based on result 1 and 5 indicating NuParadigm focused on medical products and medtech, suggesting a health-related merchant.",5,NuParadigm - LinkedIn,https://www.linkedin.com/company/nuparadigm-products-llc,,
DISYS SOLUTIONS,DISYS SOLUTIONS,software_electronics,professional_services,0.58,"Web results describe DISYS Solutions Inc. (DSI) as an IT solutions and services provider (Cisco Gold Partner), implying professional services in IT solutions and managed services (result 1).",5,DISYS Solutions Inc. (DSI) - LinkedIn,https://www.linkedin.com/company/disys-solutions-inc.,,
WAVE - HBCU PRIDE NA,WAVE - *HBCU PRIDE NA,professional_services,entertainment_media,0.42,"Descriptor suggests a media/entertainment focus related to HBCU Pride content and events; result 1-5 reference HBCU Pride networks and events, indicating entertainment/media usage.",5,HBCU Pride Nation on Reels - Facebook,https://www.facebook.com/HBCUPrideNation/videos/2538824863296392/,,
CANVA I04674-35831331,CANVA* I04674-35831331,professional_services,software_electronics,0.78,"The descriptor is Canva, a design software/service; result 3/4 links reference Canva Help Center and account for charges/spending related to Canva.",5,Why have I been charged? - Canva Help Center,https://www.canva.com/help/unfamiliar-charge/,,
CANVA I04673-35911908,CANVA* I04673-35911908,professional_services,software_electronics,0.74,"The descriptor corresponds to Canva, a software service for graphic design, as supported by result 3 (Canva: Visual Suite for Everyone) and result 1/4 noting Canva charges and invoices.",5,Access invoices and purchase history - Canva Help Center,https://www.canva.com/help/access-invoices/,,
SP GLOWFORGE STORE,SP GLOWFORGE STORE,office_supplies,retail,0.55,"Based on results referencing Glowforge Shop (shop.glowforge.com) selling materials, designs, and equipment; descriptor likely corresponds to Glowforge shop retailing laser printers and accessories (result 1).",5,Glowforge Shop,https://shop.glowforge.com/,,
MDEFILE 023469848-0,MDEFILE*023469848-0,education_gov_membership,professional_services,0.42,Descriptor suggests Maryland E-filing (MDEC) for attorneys; results point to Maryland Courts e-filing services (result 1/2/3) indicating a government/attorney filing service rather than consumer goods.,5,E-filing - Attorneys | Maryland Courts,https://www.mdcourts.gov/mdec/efilingatty,,
YELLOWBOOK-CPE LLC,IN *YELLOWBOOK-CPE LLC,professional_services,education_gov_membership,0.62,"The descriptor Yellowbook-CPE LLC and search results indicate it provides CPE for government auditors and NASBA-related courses (results 1 and 4), suggesting an education/government membership/continuing education service.",5,Yellowbook-CPE.com,https://yellowbook-cpe.com/,,
THE CAKEROOM,THE CAKEROOM,restaurants,retail,0.62,"The descriptor 'THE CAKEROOM' maps to The Cakeroom bakery/cake shop in Washington, DC, a retail bakery/cake retailer per results 1-2 showing bakery/cupcake shop listings.",5,The Cakeroom Bakery Shop,https://shop.cakeroombakery.com/,,
CANVA I04717-54353746,CANVA* I04717-54353746,professional_services,software_electronics,0.72,"The descriptor refers to Canva, an online design tool and platform (result 1), which is a software/electronics category.",5,Canva: Visual Suite for Everyone,https://www.canva.com/,,
LAND AIR SEA SYSTE,IN *LAND AIR SEA SYSTE,industrial_hardware,telecom_utilities,0.32,"Result 1-4 show LandAirSea as a GPS tracking solutions company and app, indicating a tech/telecom-related merchant rather than retail or services; I categorized as telecom_utilities based on the provider descriptor.",5,LandAirSea,https://landairsea.com/?srsltid=AfmBOop0ZfxzGnWvS8mtRtf6FLxyJSxbshFr1RLyIw5aYqrF_DCS0XXq,,
FRONTIER SN5SQE,FRONTIER  SN5SQE,airlines_travel,transport_auto_fuel,0.42,Descriptor hints at 'Frontier' which is associated with Nissan Frontier vehicle; result 5 shows Nissan Frontier truck info.,5,The Nissan Frontier,https://www.sansonesnissan.com/nissan-frontier.html,,
RESPONSE ROADSIDE ASST,RESPONSE ROADSIDE ASST,education_gov_membership,transport_auto_fuel,0.59,"Descriptor 'RESPONSE ROADSIDE ASST' and search results point to roadside assistance providers (Response Roadside/Roadside Service/Pensacola), indicating auto roadside services rather than retail categories",5,Untitled,https://responseroadservice.com/,,
BROTHERS TRANSPORT,SQ *BROTHERS TRANSPORT,financial_postal_shipping,transport_auto_fuel,0.62,"Based on the descriptor 'BROTHERS TRANSPORT' and search results referring to Brothers Transport as a trucking and logistics company (result 1), indicating it is a transportation/trucking merchant.",5,Brothers Transport,https://brotherstransporting.com/,,
HOTEL RES-WYNDHAM GRA,HOTEL RES-WYNDHAM GRA,airlines_travel,lodging,0.72,"Merchant descriptor corresponds to Wyndham Grand hotels (a hotel brand), as supported by result 1 and 2 referencing Wyndham Grand properties.",5,Wyndham Grand Hotels - Best Rate Guarantee,https://www.wyndhamhotels.com/wyndham-grand,,
SI SMITHSONIAN ASSOCIA,SI SMITHSONIAN ASSOCIA,retail,education_gov_membership,0.72,"Descriptor corresponds to Smithsonian Associates, which is a Smithsonian education program; web results indicate Smithsonian Associates as an educational program offering lectures and classes (result 2) and the organization Smithsonian Associates (result 1/3).",5,Smithsonian Associates - Entertaining. Informative. Eclectic ...,https://smithsonianassociates.org/,,
VIPS CATERING INC,IN *VIPS CATERING INC,restaurants,professional_services,0.62,"Descriptor 'VIPS CATERING INC' appears to be a catering service (VIPS Catering) with corporate events, weddings, and catering services per result 1, 4, and 5.",5,"VIPS Catering | Delectable Catering in Washington DC, VA ...",https://www.vipscatering.com/,,
ACCESSIBIL INV-937 94,ACCESSIBIL* INV-937 94,education_gov_membership,health,0.34,"The descriptor contains 'ACCESSIBIL' which suggests accessibility-related, possibly a health/medical accessibility service or product; none of the results clearly match, but the best fit among given options is health, given disability accessibility context (result 1-2 relate to ADA Accessibility Guidelines).",5,59 FR - Americans With Disabilities Act Accessibility Guidelines for ...,https://www.govinfo.gov/app/details/FR-1994-09-21/94-23180,,
FRONTIER XDYG8S,FRONTIER  XDYG8S,airlines_travel,telecom_utilities,0.58,Web result 1 describes Frontier Internet service and the descriptor resembles Frontier Internet branding.,5,"Frontier Internet: Our Best Fiber Internet, TV & Phone",https://frontier.com/,,
ALLEGION ACCESS TECHNO,ALLEGION ACCESS TECHNO,industrial_hardware,office_supplies,0.25,"The descriptor 'ALLEGION ACCESS TECHNO' resembles a corporate name related to security access technology; no web results were found to confirm, but it aligns closest with office equipment/supplies vendors.",0,,,,
INTL ASSOC COMM ADMIN,INTL ASSOC COMM ADMIN,education_gov_membership,professional_services,0.42,"Normalized descriptor INTL ASSOC COMM ADMIN suggests International Association of Commercial/Administrative Administration, a professional association; result 1-2 discuss administrative associations, pointing to professional services.",5,International site of IACA | IACA,https://www.iaca.org/,,
ADVANTAGE SPORT & FITN,ADVANTAGE SPORT & FITN,industrial_hardware,health,0.28,"I believe the merchant relates to fitness facilities or equipment; result 1 describes Advantage Sport & Fitness as a gym equipment and facility design company, which aligns with health-related services, though not a direct health service.",5,Advantage Sport & Fitness,https://advantagefitness.com/,,
WARREN HYNSON ART,SQ *WARREN HYNSON ART,professional_services,retail,0.42,"Descriptor corresponds to an artist (Warren Hynson Art) selling art; results show artist pages (result 2) and related profiles, indicating a retail/art marketplace activity.",5,Meet Warren Hynson – CanvasRebel Magazine,https://canvasrebel.com/meet-warren-hynson/,,
EMCOR GOVERNMENT SERVI,EMCOR GOVERNMENT SERVI,industrial_hardware,professional_services,0.72,"Based on the provided results, EMCOR Government Services (EGS) provides facilities management and maintenance services for government buildings, which aligns with professional_services; result 1 specifically identifies EMCOR Government Services as a government facilities/maintenance services provider.",5,EMCOR Government Services,https://emcorgovservices.com/,,
CHIARAMONTE CONSTR,SQ *CHIARAMONTE CONSTR,industrial_hardware,professional_services,0.72,"Result 1 describes Chiaramonte Construction Company as a premier General Contractor, indicating it is a professional services/commercial contracting business.",5,Chiaramonte Construction Company,https://www.chiaramonteconstruction.com/,,
VIRGINIA MARYLAND TRAC,VIRGINIA MARYLAND TRAC,transport_auto_fuel,industrial_hardware,0.65,"Based on web results showing Virginia Maryland Tractor as a John Deere dealer offering sales, parts, and service for outdoor equipment and brands (results 1-3), indicating a hardware/industrial equipment retailer category.",5,Orange - Virginia Maryland Tractor - John Deere,https://www.vatractor.com/locations/orange,,
CREATEASTO CREATE A S,CREATEASTO* CREATE A S,retail,professional_services,0.28,"Descriptor 'CREATEASTO CREATE A S' resembles a business/creative services name; search results hint at 'Created to Create' and creative/writing services, suggesting professional services with a focus on content creation.",5,Created to Create - YouTube,https://www.youtube.com/c/CreatedtoCreate,,
MDEFILE 026267863-0,MDEFILE*026267863-0,education_gov_membership,professional_services,0.42,"Merchant descriptor resembles Maryland MDEC/e-filing service providers related to Odyssey File & Serve by Tyler Technologies (results 1-4), suggesting a professional services/administrative filing service rather than consumer goods.",5,E-filing - Attorneys | Maryland Courts,https://www.mdcourts.gov/mdec/efilingatty,,
DOC BEA RIMS II MULTS,DOC BEA RIMS II MULTS,education_gov_membership,professional_services,0.42,"Descriptor references RIMS II (Regional Input-Output Modeling System) and BEA guides, which are used in economic analysis and modeling services typically provided by professional or research-oriented firms.",5,Regional Input-Output Modeling System (RIMS II) User's Guide,https://www.bea.gov/resources/methodologies/RIMSII-user-guide,,
CANVA I04875-34923867,CANVA* I04875-34923867,professional_services,software_electronics,0.65,Merchant descriptor ,5,Why have I been charged? - Canva Help Center,https://www.canva.com/help/unfamiliar-charge/,,
ASG COMPANY INC,SQ *ASG COMPANY INC,industrial_hardware,professional_services,0.55,"Result 1 describes ASG Company Inc as a glass contractor for residential/commercial glazing, indicating a professional services business (contracting/glass services).",5,A.S.G. Company Inc. | Residential Glass,https://www.asgcompanyinc.com/,,
WASHINGTON EXPRESS LLC,WASHINGTON EXPRESS LLC,financial_postal_shipping,transport_auto_fuel,0.55,"Descriptor corresponds to Washington Express LLC, a courier/logistics company serving DC/MD/VA per result 1, indicating a transportation/logistics merchant.",5,Washington Express: Your Washington DC Courier Service,https://www.washingtonexpress.com/,,
DC DMV,DC DMV,education_gov_membership,professional_services,0.55,"DC DMV refers to the District of Columbia Department of Motor Vehicles, a government agency providing vehicle-related services (license, registration), identified in result 1 as DC DMV.",5,DC DMV,https://dmv.dc.gov/,,
FSP PCI GRAPHICS,FSP*PCI GRAPHICS,office_supplies,industrial_hardware,0.58,"Based on web results referencing FSP Group USA and graphics card power supplies, which align with hardware components for GPUs (power supplies) rather than consumer retail or services.",5,FSP Group USA: Power Supplies - Amazon.com,https://www.amazon.com/stores/FSPGroupUSA/page/CA694B28-30FB-44B8-901C-0EE20BCAD8F3,,
UCOWF INV-4781,UCOWF* INV-4781,education_gov_membership,professional_services,0.42,Based on the descriptor UCOWF and search results referencing United Council on Welfare Fraud (a professional association/program) rather than consumer retail categories.,5,United Council on Welfare Fraud,https://www.ucowf.net/,,
THEPRIVATESCHOOLLEADER,THEPRIVATESCHOOLLEADER,software_electronics,education_gov_membership,0.42,Normalized descriptor THEPRIVATESCHOOLLEADER suggests a private school; I assign education_gov_membership as the closest category given lack of search results.,0,,,,
SP KNOT ROPE,SP KNOT ROPE,software_electronics,industrial_hardware,0.58,"Based on web results pointing to Knot & Rope Supply, a seller of rope and related hardware/tools (result 1, 3, 5), which aligns with industrial hardware/rope supply.",5,Knot & Rope Supply,https://www.knotandrope.com/?srsltid=AfmBOoocgZAmO2Ez6ZQ0Fg5HMHRmFVQg5yg0RYrdWMVWoNvdnDVL_L99,,
HARVARD EDUCATION PRES,HARVARD EDUCATION PRES,software_electronics,education_gov_membership,0.6,"The descriptor matches Harvard Education Press/Harvard Education Publishing Group, a publisher in education; category chosen reflects an education-focused organization rather than a consumer retail or services merchant (cite result 1/2).",5,Harvard Education Press,https://hep.gse.harvard.edu/,,
SWP CCS NEW JERSEY E Z,SWP*CCS NEW JERSEY E Z,professional_services,telecom_utilities,0.42,"Descriptor resembles NJ E-ZPass (transport toll authority) and web results mention EZPass communications; best fit among options is telecom_utilities via toll/facility communications, but not an exact match to a listed category.",5,New Jersey E-ZPass does not send unsolicited text messages to collect ...,https://www.njta.gov/newsroom/reminder-new-jersey-e-zpass-does-not-send-unsolicited-text-messages-to-collect-payments/,,
ISFG INT SOC FOREN GEN,ISFG INT SOC FOREN GEN,education_gov_membership,professional_services,0.62,"The descriptor corresponds to ISFG (International Society for Forensic Genetics), a professional society; result 1 confirms ISFG as a society, aligning with professional services.",5,ISFG,https://isfg.org/,,
"STRAIGHTLINE MOVERS, I","STRAIGHTLINE MOVERS, I",financial_postal_shipping,transport_auto_fuel,0.58,"Merchant descriptor STRAIGHTLINE MOVERS, I appears to be a moving company (StraightLine Movers) offering moving services in DC/MD/VA, as shown in results 1 and 4 indicating a moving service.",5,"Top-Rated Movers in DC, Maryland & Virginia | StraightLine",https://straightlinemovers.com/,,
HLS PERMA.CC,HLS PERMA.CC,education_gov_membership,professional_services,0.62,"Merchant appears to be Perma.cc (Harvard Library), a web preservation/citation tool used by scholars and legal professionals (results 1,2,4).",5,Perma.cc - Harvard Library,https://library.harvard.edu/services-tools/permacc,,
USCIS ELIS I90,USCIS ELIS I90,education_gov_membership,professional_services,0.52,"Merchant descriptor 'USCIS ELIS I90' relates to USCIS Form I-90 (Application to Replace Permanent Resident Card), indicating government/immigration services rather than consumer retail; category chosen: professional_services per business services context.",5,"USCIS - Form I-90, Application to Replace Permanent Resident Card",https://www.uscis.gov/i-90,,
GODADDY R,GODADDY#4110118747R,software_electronics,professional_services,0.46,"Merchant descriptor normalized as GODADDY R corresponds to GoDaddy, a professional services company providing domain names and web services (result 3).",5,r/godaddy - Reddit,https://www.reddit.com/r/godaddy/,,
GODADDY RR,GODADDY#4122417378RR,software_electronics,professional_services,0.58,"The descriptor 'GODADDY RR' likely refers to GoDaddy, a tech/web services company; GoDaddy is a professional services provider for domains and hosting (result 1 confirms GoDaddy brand)",5,GoDaddy Official Site: Get a Domain & Launch Your Website.,https://www.godaddy.com/,,
EAI EDUCATION 01 OF 01,EAI EDUCATION 01 OF 01,industrial_hardware,education_gov_membership,0.52,"Based on the normalized descriptor 'EAI EDUCATION' and search results indicating EAI Education is a nationwide cataloger of educational supplies for PreK-12 and related classroom resources (result 1 and 2), suggesting an education supplier rather than government, but category choices require education-related; result 2 explicitly labels as education retailer.",5,EAI Education,https://www.eaieducation.com/?srsltid=AfmBOoqFPIRsDNJf8-js_Bas3rm8YpM0NETbdbGwsPP-EnJiSQZfht4U,,
HIGHLAND CLEANERS,HIGHLAND CLEANERS,professional_services,retail,0.62,"Merchant appears to be Highland Cleaners, a dry cleaning retail business (result 1) with storefront services in Louisville.",5,Highland Cleaners,https://www.highlandcleaners.com/,,
MAD PRINT SHOP DC LLC,MAD PRINT SHOP DC LLC,office_supplies,retail,0.62,Result 3 and 4 describe Mad Print Shop as a local shop handling custom T-shirts and decals (retail goods) at physical locations in MD.,5,MadPrintShop DC (@shopmadprintshop) - Instagram,https://www.instagram.com/shopmadprintshop/?hl=en,,
DOB CC,DOB CC,education_gov_membership,airlines_travel,0.42,"Web result 1 mentions CC-DOB JetSMART Airbus A320neo with registration CC-DOB, suggesting the descriptor relates to an airline/aircraft operator (JetSMART) and thus travel/airlines category.",5,CC-DOB JetSMART Airbus A320neo - Planespotters.net,https://www.planespotters.net/airframe/airbus-a320neo-cc-dob-jetsmart/3xp014,,
BILLABOOK,BILLABOOK,airlines_travel,office_supplies,0.4,"I could not find results for BILLABOOK; based on the name, it resembles a brand or product in office supplies.",0,,,,
