raw_merchant,merchant,mcc_description,mcc,category,judgement,note
DUPONT COMPUTERS,DUPONT COMPUTERS,CONSULTING  MANAGEMENT  AND PUBLIC RELATIONS SVCS,7392,professional_services,,
EIG*HOSTGATOR.COM,EIG HOSTGATOR,COMPUTER NETWORK-INFORMATION SERVICES,4816,software_electronics,,
DTLR 880,DTLR,MENS AND WOMENS CLOTHING STORES,5691,retail,,
SCHOOL HEALTH CORP,SCHOOL HEALTH CORP,DENTAL-LAB-MED-OPHTHALMIC HOSP EQUIP + SUPPLIES,5047,health,,
COACHES TRAINING INS,COACHES TRAINING INS,SCHOOLS  TRADE AND VOCATIONAL,8249,education_gov_membership,,
MU CONFERENCE EVENTS,MU CONFERENCE EVENTS,COLLEGES  UNIV  PRO SCHOOLS  JUNIOR COLLEGES,8220,education_gov_membership,,
AUTOMOTIVE VIDEO,AUTOMOTIVE VIDEO,MOTION PICTURE-VIDEO TAPE PRODUCTION-DISTRIBUTION,7829,entertainment_media,,
NATLHSASSOC,NATLHSASSOC,ORGANIZATIONS  CHARITABLE AND SOCIAL SERVICES,8398,education_gov_membership,,
THEECONOMIST NEWSPAPER,THEECONOMIST NEWSPAPER,DIRECT MARKETING-CONTINUITY-SUBSCRIPTION MERCHANTS,5968,retail,,
JAILCRAFT INC,JAILCRAFT INC,DURABLE GOODS  NOT ELSEWHERE CLASSIFIED,5099,industrial_hardware,,
DICE CAREER SOLUTIONS,DICE CAREER SOLUTIONS,DIRECT MARKETING-CONTINUITY-SUBSCRIPTION MERCHANTS,5968,retail,,
HUMBLEBUNDLE.COM,HUMBLEBUNDLE,GAME  TOY  AND HOBBY SHOPS,5945,entertainment_media,,
THEREGGROUP,THEREGGROUP,CONSULTING  MANAGEMENT  AND PUBLIC RELATIONS SVCS,7392,professional_services,,
CCI*HOTEL RESERVATION,CCI HOTEL RESERVATION,TRAVEL AGENCIES AND TOUR OPERATORS,4722,airlines_travel,,
NAFA FLEET MGMT ASSOC,NAFA FLEET MGMT ASSOC,ORGANIZATIONS  MEMBERSHIP-NOT ELSEWHERE CLASSIFIED,8699,education_gov_membership,,
NATIONAL MAIN STREE,NATIONAL MAIN STREE,ORGANIZATIONS  CHARITABLE AND SOCIAL SERVICES,8398,education_gov_membership,,
INT*IN *WASHINGTON DIG,INT IN WASHINGTON DIG,MOTION PICTURE-VIDEO TAPE PRODUCTION-DISTRIBUTION,7829,entertainment_media,,
PRINCIPALS ESSENTIALS,PRINCIPALS ESSENTIALS,OFFICE  SCHOOL SUPPLY  AND STATIONERY STORES,5943,office_supplies,,
RE MICHEL 030 LANDOVER,RE MICHEL LANDOVER,PLUMBING AND HEATING EQUIPMENT,5074,industrial_hardware,,
MICROSOFT - 28 ARLINGT,MICROSOFT - 28 ARLINGT,COMPUTER SOFTWARE STORES,5734,software_electronics,,
AMTRAK .CO06,AMTRAK .CO06,PASSENGER RAILWAYS,4112,transport_auto_fuel,,
FRONTIER  V7R1SC,FRONTIER V7R1SC,FRONTIER,4511,airlines_travel,,
CANON DIRECT,CANON DIRECT,ELECTRONIC SALES,5732,software_electronics,,
THE CENTER FOR ADR,THE CENTER FOR ADR,SCHOOLS + EDUCATIONAL SVC-NOT ELSEWHERE CLASSIFIED,8299,education_gov_membership,,
RENAISSANCE DES MOINES,RENAISSANCE DES MOINES,RENAISSANCE HOTELS,3530,lodging,,
"INT*IN *STAT PADS, LLC","INT IN STAT PADS, LLC",OTHER SERVICES (NOT ELSEWHERE CLASSIFIED),4789,transport_auto_fuel,,
FHWA - MISC PAYMENTS,FHWA - MISC PAYMENTS,GOVERNMENT SERVICES-NOT ELSEWHERE CLASSIFIED,9399,education_gov_membership,,
"DORMAKABA USA, INC","DORMAKABA USA, INC",CONSTRUCTION MATERIALS NOT ELSEWHERE CLASSIFIED,5039,industrial_hardware,,
TOTAL CLEANERS INC,TOTAL CLEANERS INC,DRY CLEANERS,7216,professional_services,,
AFDO,AFDO,ORGANIZATIONS  CHARITABLE AND SOCIAL SERVICES,8398,education_gov_membership,,
HYATT REGENCY BALTIMOR,HYATT REGENCY BALTIMOR,HYATT HOTELS,3640,lodging,,
SHERATON,SHERATON,SHERATON,3503,lodging,,
TRANSCAT INC,TRANSCAT INC,INDUSTRIAL SUPPLIES NOT ELSEWHERE CLASSIFIED,5085,industrial_hardware,,
CRUCIAL.COM,CRUCIAL,COMPUTERS  COMPUTER PERIPHERAL EQUIPMENT  SOFTWARE,5045,software_electronics,,
NAFSA EVENTS,NAFSA EVENTS,ORGANIZATIONS  CHARITABLE AND SOCIAL SERVICES,8398,education_gov_membership,,
HILTON GARDEN INN ALBA,HILTON GARDEN INN ALBA,HILTON GARDEN INN,7011,lodging,,
COOKS SAW MANUFACTURIN,COOKS SAW MANUFACTURIN,HARDWARE STORES,5251,industrial_hardware,,
T J MAXX #1206,T J MAXX,FAMILY CLOTHING STORES,5651,retail,,
CENTER FOR MEDICARE AD,CENTER FOR MEDICARE AD,ASSOCIATIONS-CIVIC  SOCIAL  AND FRATERNAL,8641,education_gov_membership,,
WATEROUS COMPANY,WATEROUS COMPANY,INDUSTRIAL SUPPLIES NOT ELSEWHERE CLASSIFIED,5085,industrial_hardware,,
VA OUTDOOR POWER EQMT,VA OUTDOOR POWER EQMT,LAWN AND GARDEN SUPPLY STORES,5261,industrial_hardware,,
APPAM,APPAM,ORGANIZATIONS  CHARITABLE AND SOCIAL SERVICES,8398,education_gov_membership,,
C AND E SERVICES CHEM,C AND E SERVICES CHEM,CHEMICALS-ALLIED PRODUCTS NOT ELSEWHERE CLASSIFIED,5169,industrial_hardware,,
BLUEBERRY SOFTWARE LTD,BLUEBERRY SOFTWARE LTD,COMPUTERS  COMPUTER PERIPHERAL EQUIPMENT  SOFTWARE,5045,software_electronics,,
LA QUINTA INNS  0168,LA QUINTA INNS,LAQUINTA INNS,7011,lodging,,
KEEN INC,KEEN INC,SHOE STORES,5661,retail,,
NAT'L RESIDENT MATCHIN,NAT'L RESIDENT MATCHIN,ORGANIZATIONS  CHARITABLE AND SOCIAL SERVICES,8398,education_gov_membership,,
E Z PASS VA WEB,E Z PASS VA WEB,BRIDGE AND ROAD FEES  TOLLS,4784,transport_auto_fuel,,
MARYLAND DENTAL LABORA,MARYLAND DENTAL LABORA,MEDICAL AND DENTAL LABORATORIES,8071,health,,
DRI*SLING,DRI SLING,ELECTRONIC SALES,5732,software_electronics,,
HYATT REGENCY HNTNG BC,HYATT REGENCY HNTNG BC,HYATT HOTELS,3640,lodging,,
"PASSPORT HEALTH, LLC","PASSPORT HEALTH, LLC",HEALTH PRACTITIONERS  MEDICAL SRVCS-NOT ELSEWHERE,8099,health,,
ID SYSTEMS INC,ID SYSTEMS INC,STATIONERY-OFFICE SUPPLIES-PRINTING + WRITING PAP.,5111,office_supplies,,
LAST STOP IV,LAST STOP IV,MENS AND WOMENS CLOTHING STORES,5691,retail,,
GAMES2U,GAMES2U,RECREATION SERVICES (NOT ELSEWHERE CLASSIFIED),7999,entertainment_media,,
SKY ZONE - WALDORF,SKY ZONE - WALDORF,RECREATION SERVICES (NOT ELSEWHERE CLASSIFIED),7999,entertainment_media,,
SQ     *SQ *SOBO INC.,SQ SQ SOBO INC,BANDS  ORCHESTRAS  + MISC ENTRTNRS-NOT ELSWHR CLAS,7929,entertainment_media,,
PETRO SUPPLY INC,PETRO SUPPLY INC,COMMERCIAL EQUIPMENT  NOT ELSEWHERE CLASSIFIED,5046,industrial_hardware,,
CANVA* 02370-6273844,CANVA 02370-6273844,PHOTOGRAPHIC STUDIOS,7221,entertainment_media,,
"TAYLOR NORTHEAST, INC","TAYLOR NORTHEAST, INC",CONSTRUCTION MATERIALS NOT ELSEWHERE CLASSIFIED,5039,industrial_hardware,,
EVEREST SOFTWARE INC,EVEREST SOFTWARE INC,COMP PROGRAMING DATA PRCSNG INTGRTD SYS DSGN SRVS,7372,software_electronics,,
HYATT PLACE STOCKYARDS,HYATT PLACE STOCKYARDS,HYATT HOTELS,3640,lodging,,
WWW.STORE.HUD.AC.UK,WWW.STORE.HUD.AC.UK,BOOK STORES,5942,retail,,
NIENHUIS MONTESSORI,NIENHUIS MONTESSORI,DIRECT MARKETING-OTHER DIRECT MARKETERS-NOT ELSEW.,5969,retail,,
JOSAM COMPANY,JOSAM COMPANY,PLUMBING AND HEATING EQUIPMENT,5074,industrial_hardware,,
CROWNE PLAZA ATLANTA M,CROWNE PLAZA ATLANTA M,CROWNE PLAZA HOTELS,3750,lodging,,
PITSCO INC,PITSCO INC,SCHOOLS + EDUCATIONAL SVC-NOT ELSEWHERE CLASSIFIED,8299,education_gov_membership,,
STAPLS7224131857000001,STAPLS7224131857000001,STATIONERY-OFFICE SUPPLIES-PRINTING + WRITING PAP.,5111,office_supplies,,
TOWNPLACE SUITES BY MA,TOWNPLACE SUITES BY MA,TOWNEPLACE SUITES,3740,lodging,,
SQ     *SQ *JMC CAFE,SQ SQ JMC CAFE,FAST FOOD RESTAURANTS,5814,restaurants,,
BESTBUYCOM805644018676,BESTBUYCOM805644018676,ELECTRONIC SALES,5732,software_electronics,,
APAMEMBERDUESSUBS,APAMEMBERDUESSUBS,ORGANIZATIONS  CHARITABLE AND SOCIAL SERVICES,8398,education_gov_membership,,
HAMPTON INN HLNDLE BCH,HAMPTON INN HLNDLE BCH,HAMPTON INN HOTELS,7011,lodging,,
NBX*TNRISGIS 512258747,NBX TNRISGIS,ORGANIZATIONS  MEMBERSHIP-NOT ELSEWHERE CLASSIFIED,8699,education_gov_membership,,
HOMEGROWN TRADING CO.,HOMEGROWN TRADING CO,GAME  TOY  AND HOBBY SHOPS,5945,entertainment_media,,
MID ATLANTIC REGION WO,MID ATLANTIC REGION WO,ORGANIZATIONS  MEMBERSHIP-NOT ELSEWHERE CLASSIFIED,8699,education_gov_membership,,
ADMIT ONE PRODUCTS,ADMIT ONE PRODUCTS,PIECE GOODS NOTIONS AND OTHER DRY GOODS,5131,industrial_hardware,,
WSG*WILSON SPTG GDS,WSG WILSON SPTG GDS,SPORTING GOODS STORES,5941,entertainment_media,,
MARYLAND ELEVATOR SERV,MARYLAND ELEVATOR SERV,CONTRACTORS SPECIAL TRADE-NOT ELSEWHERE CLASSIFIED,1799,industrial_hardware,,
CALIFORNIA SOCIETY OF,CALIFORNIA SOCIETY OF,ORGANIZATIONS  CHARITABLE AND SOCIAL SERVICES,8398,education_gov_membership,,
NCTE 2019,NCTE,SCHOOLS + EDUCATIONAL SVC-NOT ELSEWHERE CLASSIFIED,8299,education_gov_membership,,
FRG*TEAMFANSHOP,FRG TEAMFANSHOP,ACCESSORY AND APPAREL STORES-MISCELLANEOUS,5699,retail,,
INTAC  INC,INTAC INC,DIRECT MARKETING-OTHER DIRECT MARKETERS-NOT ELSEW.,5969,retail,,
DMI* DELL SM BUS,DMI DELL SM BUS,COMPUTERS  COMPUTER PERIPHERAL EQUIPMENT  SOFTWARE,5045,software_electronics,,
OPTIMUM 7836,OPTIMUM,CABLE  SATELLITE  OTHER PAY TELEVISION  RADIO SVCS,4899,telecom_utilities,,
CAMBRIA HTLS & STE NY,CAMBRIA HTLS & STE NY,LODGING-HOTELS MOTELS RESORTS-NOT CLASSIFIED,7011,lodging,,
YALE SCH OF PUBLIC HEA,YALE SCH OF PUBLIC HEA,COLLEGES  UNIV  PRO SCHOOLS  JUNIOR COLLEGES,8220,education_gov_membership,,
IN *GATEKEEPERS INTERN,GATEKEEPERS INTERN,CONSULTING  MANAGEMENT  AND PUBLIC RELATIONS SVCS,7392,professional_services,,
NAFME,NAFME,ORGANIZATIONS  MEMBERSHIP-NOT ELSEWHERE CLASSIFIED,8699,education_gov_membership,,
STAPLS7304186439000001,STAPLS7304186439000001,STATIONERY-OFFICE SUPPLIES-PRINTING + WRITING PAP.,5111,office_supplies,,
"SQ *EVENTS BY B & B, L","EVENTS BY B & B, L",OTHER SERVICES (NOT ELSEWHERE CLASSIFIED),4789,transport_auto_fuel,,
AMTRAK TEL05,AMTRAK TEL05,PASSENGER RAILWAYS,4112,transport_auto_fuel,,
ESCALADE SPORTS #0001,ESCALADE SPORTS,RECREATION SERVICES (NOT ELSEWHERE CLASSIFIED),7999,entertainment_media,,
MEG*MADAME TUSSAUDS,MEG MADAME TUSSAUDS,THEATRICAL PRODUCERS(EXCL MOTION PIX) TICKET AGNCY,7922,entertainment_media,,
FLAMINGO HOTEL LAS VEG,FLAMINGO HOTEL LAS VEG,THE FLAMINGO HOTELS,7011,lodging,,
NATIONAL MANAGEMENT AS,NATIONAL MANAGEMENT AS,ORGANIZATIONS  MEMBERSHIP-NOT ELSEWHERE CLASSIFIED,8699,education_gov_membership,,
SP * IAMICANIWILLIDO,SP IAMICANIWILLIDO,COMPUTER SOFTWARE STORES,5734,software_electronics,,
MANAGINGPPLATWORK,MANAGINGPPLATWORK,MISCELLANEOUS PUBLISHING AND PRINTING,2741,office_supplies,,
MCCALL HANDLING CO.,MCCALL HANDLING CO,COMMERCIAL EQUIPMENT  NOT ELSEWHERE CLASSIFIED,5046,industrial_hardware,,
CANVA* 02780-5219540,CANVA 02780-5219540,PHOTOGRAPHIC STUDIOS,7221,entertainment_media,,
FSU CS PYMT,FSU CS PYMT,COLLEGES  UNIV  PRO SCHOOLS  JUNIOR COLLEGES,8220,education_gov_membership,,
BESTBUYCOM806289109269,BESTBUYCOM806289109269,ELECTRONIC SALES,5732,software_electronics,,
INFOSOURCE INC,INFOSOURCE INC,ELECTRONIC SALES,5732,software_electronics,,
JOTCAST.COM,JOTCAST,COMPUTER SOFTWARE STORES,5734,software_electronics,,
MEDICAL FACULTY ASSOCI,MEDICAL FACULTY ASSOCI,DOCTORS  (NOT ELSEWHERE CLASSIFIED),8011,health,,
SAFENCLEAR THE COMMUNI,SAFENCLEAR THE COMMUNI,COMPUTER SOFTWARE STORES,5734,software_electronics,,
FRY PLUMBING & HEATING,FRY PLUMBING & HEATING,HEATING  PLUMBING  AIR CONDITIONING CONTRACTORS,1711,industrial_hardware,,
SP * WMMA ACADEMY,SP WMMA ACADEMY,OTHER SERVICES (NOT ELSEWHERE CLASSIFIED),4789,transport_auto_fuel,,
BENCHMARK EDUCATION CO,BENCHMARK EDUCATION CO,BOOKS PERIODICALS AND NEWSPAPERS,5192,office_supplies,,
MOBYMAXSUBSCRIPTION,MOBYMAXSUBSCRIPTION,COMPUTERS  COMPUTER PERIPHERAL EQUIPMENT  SOFTWARE,5045,software_electronics,,
WWW.TOWCERT.COM,WWW.TOWCERT.COM,CONSULTING  MANAGEMENT  AND PUBLIC RELATIONS SVCS,7392,professional_services,,
GLOBAL CASTER CORP.,GLOBAL CASTER CORP,DIRECT MARKETING-CATALOG MERCHANTS,5964,retail,,
WRECKMASTER,WRECKMASTER,SCHOOLS  TRADE AND VOCATIONAL,8249,education_gov_membership,,
IN *EXECUTIVE CONTRACT,EXECUTIVE CONTRACT,GENERAL CONTRACTORS-RESIDENTIAL BUILDINGS,1520,industrial_hardware,,
A JANITOR'S CLOSET,A JANITOR'S CLOSET,INDUSTRIAL SUPPLIES NOT ELSEWHERE CLASSIFIED,5085,industrial_hardware,,
BRAINPOP LLC,BRAINPOP LLC,Large Digital Goods Merchant,5818,software_electronics,,
CAPITAL ELEC UPPER MAR,CAPITAL ELEC UPPER MAR,ELECTRICAL PARTS AND EQUIPMENT,5065,software_electronics,,
LINKEDIN-672,LINKEDIN-672,ADVERTISING SERVICES,7311,professional_services,,
VESERIS AUSTIN,VESERIS AUSTIN,CHEMICALS-ALLIED PRODUCTS NOT ELSEWHERE CLASSIFIED,5169,industrial_hardware,,
"BLT*LD PRODUCTS, INC","BLT LD PRODUCTS, INC",ELECTRONIC SALES,5732,software_electronics,,
UMB NCSMH DEPT OF PSYC,UMB NCSMH DEPT OF PSYC,COLLEGES  UNIV  PRO SCHOOLS  JUNIOR COLLEGES,8220,education_gov_membership,,
BESTBUYCOM806484684443,BESTBUYCOM806484684443,ELECTRONIC SALES,5732,software_electronics,,
GEMANTEC,GEMANTEC,DETECTVE-PROTECTVE AGNCY SECURITY SRVS  ARMOR CARS,7393,professional_services,,
THE WALLACE FIRM,THE WALLACE FIRM,ATTORNEYS  LEGAL SERVICES,8111,professional_services,,
DRAMA EDUCATION NETWOR,DRAMA EDUCATION NETWOR,SCHOOLS + EDUCATIONAL SVC-NOT ELSEWHERE CLASSIFIED,8299,education_gov_membership,,
WALSWORTH PUBLISHING,WALSWORTH PUBLISHING,MISCELLANEOUS PUBLISHING AND PRINTING,2741,office_supplies,,
SQ *WILSON-EPES PRINTI,WILSON-EPES PRINTI,OFFICE  SCHOOL SUPPLY  AND STATIONERY STORES,5943,office_supplies,,
DRIPWORKS INC,DRIPWORKS INC,LAWN AND GARDEN SUPPLY STORES,5261,industrial_hardware,,
SOUNDSTRIPE,SOUNDSTRIPE,COMPUTER SOFTWARE STORES,5734,software_electronics,,
SCHOOL SW ASSOC AM* KY,SCHOOL SW ASSOC AM KY,ORGANIZATIONS  MEMBERSHIP-NOT ELSEWHERE CLASSIFIED,8699,education_gov_membership,,
DBA HOLIDAY INN VICTOR,DBA HOLIDAY INN VICTOR,HOLIDAY INNS,3501,lodging,,
VUE*IT CERTIFICATION,VUE IT CERTIFICATION,SCHOOLS + EDUCATIONAL SVC-NOT ELSEWHERE CLASSIFIED,8299,education_gov_membership,,
IN,IN,DIRECT MARKETING-CATALOG MERCHANTS,5964,retail,,
ACAMS,ACAMS,COLLEGES  UNIV  PRO SCHOOLS  JUNIOR COLLEGES,8220,education_gov_membership,,
BESTBUYCOM806506704249,BESTBUYCOM806506704249,ELECTRONIC SALES,5732,software_electronics,,
BLANK MEDIA PRINTINQPS,BLANK MEDIA PRINTINQPS,QUICK COPY REPRODUCTION AND BLUEPRINTING SERVICES,7338,office_supplies,,
IN *AMERICAN BOARD FOR,AMERICAN BOARD FOR,ORGANIZATIONS  MEMBERSHIP-NOT ELSEWHERE CLASSIFIED,8699,education_gov_membership,,
NURSE IMMIGRATION SERV,NURSE IMMIGRATION SERV,ATTORNEYS  LEGAL SERVICES,8111,professional_services,,
W A HAMMOND DRIERITE C,W A HAMMOND DRIERITE C,CHEMICALS-ALLIED PRODUCTS NOT ELSEWHERE CLASSIFIED,5169,industrial_hardware,,
MARCO PROMOTIONAL PROD,MARCO PROMOTIONAL PROD,DIRECT MARKETING-COMBINATION CATALOG-RETAIL MERCH.,5965,retail,,
LINKEDIN-728,LINKEDIN-728,DIRECT MARKETING-CONTINUITY-SUBSCRIPTION MERCHANTS,5968,retail,,
NAEMSP-2,NAEMSP-2,ORGANIZATIONS  CHARITABLE AND SOCIAL SERVICES,8398,education_gov_membership,,
SQ *KING OF CLEAN AUTO,KING OF CLEAN AUTO,CAR WASHES,7542,transport_auto_fuel,,
ZINBLE TECH,ZINBLE TECH,COMP PROGRAMING DATA PRCSNG INTGRTD SYS DSGN SRVS,7372,software_electronics,,
U.S. COURT OF APPEA,U.S. COURT OF APPEA,COURT COSTS INCLUDING ALIMONY AND CHILD SUPPORT,9211,education_gov_membership,,
CAPITAL HILL PHARMACY,CAPITAL HILL PHARMACY,DRUG STORES  PHARMACIES,5912,health,,
WWW.NHERPEACE.COM,WWW.NHERPEACE.COM,OTHER SERVICES (NOT ELSEWHERE CLASSIFIED),4789,transport_auto_fuel,,
AMF MARLOW HEIGHTS LNS,AMF MARLOW HEIGHTS LNS,BOWLING ALLEYS,7933,entertainment_media,,
"SQ *DNA3, LLC","DNA3, LLC",EATING PLACES  RESTAURANTS,5812,restaurants,,
ROLL OFF DUMPSTER DIRE,ROLL OFF DUMPSTER DIRE,EQUIPMENT RENTAL+LEASING SVS  FURNTURE-TOOL RENTAL,7394,professional_services,,
THE LANDING AT HAMPTON,THE LANDING AT HAMPTON,HILTON,3504,lodging,,
SQ *CONSORTIUM FOR SUS,CONSORTIUM FOR SUS,ORGANIZATIONS  CHARITABLE AND SOCIAL SERVICES,8398,education_gov_membership,,
HARVARD BKSTR 90200015,HARVARD BKSTR,BOOK STORES,5942,retail,,
"HORIZON LAB SYSTEMS, L","HORIZON LAB SYSTEMS, L",COMPUTERS  COMPUTER PERIPHERAL EQUIPMENT  SOFTWARE,5045,software_electronics,,
LINKEDIN-764,LINKEDIN-764,DIRECT MARKETING-CONTINUITY-SUBSCRIPTION MERCHANTS,5968,retail,,
PRICELN*THE HOTEL ZAMO,PRICELN THE HOTEL ZAMO,TRAVEL AGENCIES AND TOUR OPERATORS,4722,airlines_travel,,
HAMPTON INN JACKSONVIL,HAMPTON INN JACKSONVIL,HAMPTON INN HOTELS,7011,lodging,,
SQ *READY TOO BOUNCE,READY TOO BOUNCE,BANDS  ORCHESTRAS  + MISC ENTRTNRS-NOT ELSWHR CLAS,7929,entertainment_media,,
ISI - ENVISION,ISI - ENVISION,ORGANIZATIONS  MEMBERSHIP-NOT ELSEWHERE CLASSIFIED,8699,education_gov_membership,,
SQ *ACTING FOR LAWYERS,ACTING FOR LAWYERS,CONSULTING  MANAGEMENT  AND PUBLIC RELATIONS SVCS,7392,professional_services,,
RAILROAD TOOLS AND SOL,RAILROAD TOOLS AND SOL,INDUSTRIAL SUPPLIES NOT ELSEWHERE CLASSIFIED,5085,industrial_hardware,,
BOWL AMERICA SHIRLEY,BOWL AMERICA SHIRLEY,BOWLING ALLEYS,7933,entertainment_media,,
GOOGLE *GOOGLE PLAY,GOOGLE GOOGLE PLAY,MOTION PICTURE-VIDEO TAPE PRODUCTION-DISTRIBUTION,7829,entertainment_media,,
SMARTFURNITURE.COM,SMARTFURNITURE,EQUIP  FURNITURE  HOME FURNSHNGS STRS (EXCPT APPL),5712,retail,,
MARRIOTT CAMBRIDGE,MARRIOTT CAMBRIDGE,MARRIOTT,3509,lodging,,
LITTLE KIDS ROCK,LITTLE KIDS ROCK,ORGANIZATIONS  CHARITABLE AND SOCIAL SERVICES,8398,education_gov_membership,,
WEVE / THEGOGAME,WEVE / THEGOGAME,OTHER SERVICES (NOT ELSEWHERE CLASSIFIED),4789,transport_auto_fuel,,
NATIONAL SCHOOL FORMS,NATIONAL SCHOOL FORMS,MISCELLANEOUS PUBLISHING AND PRINTING,2741,office_supplies,,
SWISSOTEL CHICAGO HTL,SWISSOTEL CHICAGO HTL,SWISSOTEL,3634,lodging,,
WAVE - *FULL OF FUN DC,WAVE - FULL OF FUN DC,OTHER SERVICES (NOT ELSEWHERE CLASSIFIED),4789,transport_auto_fuel,,
HEALTH PRODUCTS FOR YO,HEALTH PRODUCTS FOR YO,DENTAL-LAB-MED-OPHTHALMIC HOSP EQUIP + SUPPLIES,5047,health,,
WIZFAIR,WIZFAIR,TRAVEL AGENCIES AND TOUR OPERATORS,4722,airlines_travel,,
LED LIGHTING,LED LIGHTING,HARDWARE STORES,5251,industrial_hardware,,
"PY *ALTO-HARTLEY, INC.","PY ALTO-HARTLEY, INC",FREEZER  LOCKER MEAT PROVISIONERS,5422,groceries,,
BILLS CLEANERS,BILLS CLEANERS,DRY CLEANERS,7216,professional_services,,
LINKEDIN-823,LINKEDIN-823,ADVERTISING SERVICES,7311,professional_services,,
SQ *D & K SOUNDS,D & K SOUNDS,BANDS  ORCHESTRAS  + MISC ENTRTNRS-NOT ELSWHR CLAS,7929,entertainment_media,,
GU AUDIOLOGY SERVICES,GU AUDIOLOGY SERVICES,DOCTORS  (NOT ELSEWHERE CLASSIFIED),8011,health,,
WAVE - *DISTRICT SITTE,WAVE - DISTRICT SITTE,OTHER SERVICES (NOT ELSEWHERE CLASSIFIED),4789,transport_auto_fuel,,
MAMAS KITCHEN AND PI,MAMAS KITCHEN AND PI,EATING PLACES  RESTAURANTS,5812,restaurants,,
DELTA VANCOUVER SUITES,DELTA VANCOUVER SUITES,DELTA HOTELS,3058,airlines_travel,,
GLOBAL ALUMNI,GLOBAL ALUMNI,SCHOOLS + EDUCATIONAL SVC-NOT ELSEWHERE CLASSIFIED,8299,education_gov_membership,,
FRONTIER  FYQD7Z,FRONTIER FYQD7Z,FRONTIER,4511,airlines_travel,,
IN *ANDERSON RESCUE SO,ANDERSON RESCUE SO,VETERINARY SERVICES,742,professional_services,,
INSOMNIA COOKIES - DC,INSOMNIA COOKIES - DC,FAST FOOD RESTAURANTS,5814,restaurants,,
UOFL SPI,UOFL SPI,COLLEGES  UNIV  PRO SCHOOLS  JUNIOR COLLEGES,8220,education_gov_membership,,
B2 PAYMENTS USA,B2 PAYMENTS USA,HARDWARE EQUIPMENT AND SUPPLIES,5072,industrial_hardware,,
GRAND SIERRA ADV DEP,GRAND SIERRA ADV DEP,LODGING-HOTELS MOTELS RESORTS-NOT CLASSIFIED,7011,lodging,,
TIME2TRACK,TIME2TRACK,COMP PROGRAMING DATA PRCSNG INTGRTD SYS DSGN SRVS,7372,software_electronics,,
HILTON LEXINGTN DT FB,HILTON LEXINGTN DT FB,HILTON,3504,lodging,,
QUALITY FIRST CAREER C,QUALITY FIRST CAREER C,SCHOOLS + EDUCATIONAL SVC-NOT ELSEWHERE CLASSIFIED,8299,education_gov_membership,,
AIRLINE TICKET CHARGE,AIRLINE TICKET CHARGE,TRAVEL AGENCIES AND TOUR OPERATORS,4722,airlines_travel,,
IPMBA,IPMBA,SCHOOLS + EDUCATIONAL SVC-NOT ELSEWHERE CLASSIFIED,8299,education_gov_membership,,
"EVITE, INC.","EVITE, INC",COMPUTER SOFTWARE STORES,5734,software_electronics,,
VENDNOVATION LLC,VENDNOVATION LLC,COMPUTER SOFTWARE STORES,5734,software_electronics,,
LANGFORD INTERNATIONAL,LANGFORD INTERNATIONAL,BOOK STORES,5942,retail,,
EASTERN APICULTURE SOC,EASTERN APICULTURE SOC,ORGANIZATIONS  CHARITABLE AND SOCIAL SERVICES,8398,education_gov_membership,,
BOSTON PARK PLAZA,BOSTON PARK PLAZA,LODGING-HOTELS MOTELS RESORTS-NOT CLASSIFIED,7011,lodging,,
HELPKIDZLEARN,HELPKIDZLEARN,COMPUTER SOFTWARE STORES,5734,software_electronics,,
CANVA* I03828-31702240,CANVA I03828-31702240,PHOTOGRAPHIC STUDIOS,7221,entertainment_media,,
ISTOCKPHOTO,ISTOCKPHOTO,COMMERCIAL ART  GRAPHICS  PHOTOGRAPHY,7333,professional_services,,
BKGHOTEL AT BOOKING.C,BKGHOTEL AT BOOKING.C,TRAVEL AGENCIES AND TOUR OPERATORS,4722,airlines_travel,,
RAUCH-MILLIKENBT/844-2,RAUCH-MILLIKENBT/844-2,ACCOUNTING  AUDITING AND BOOKKEEPING SERVICES,8931,professional_services,,
MEARS CONNECT,MEARS CONNECT,TRANSPORTATION SERVICES NOT ELSEWHERE CLASSIFIED,4789,transport_auto_fuel,,
AC HOTEL BETHESDA,AC HOTEL BETHESDA,MARRIOTT,3509,lodging,,
GRAMMARLY COLC8FXUE,GRAMMARLY COLC8FXUE,COMPUTER SOFTWARE STORES,5734,software_electronics,,
CANVA* I03867-34492002,CANVA I03867-34492002,PHOTOGRAPHIC STUDIOS,7221,entertainment_media,,
SQ *MACPHAILS CORNER C,MACPHAILS CORNER C,EATING PLACES  RESTAURANTS,5812,restaurants,,
PINE TEST EQUIPMENT,PINE TEST EQUIPMENT,INDUSTRIAL SUPPLIES NOT ELSEWHERE CLASSIFIED,5085,industrial_hardware,,
SHOPAMLEGALCODES,SHOPAMLEGALCODES,MISCELLANEOUS PUBLISHING AND PRINTING,2741,office_supplies,,
PP*TICKETFULFI TOWSON,TICKETFULFI TOWSON,THEATRICAL PRODUCERS(EXCL MOTION PIX) TICKET AGNCY,7922,entertainment_media,,
GREEN CLEANING SYSYTEM,GREEN CLEANING SYSYTEM,CARPET AND UPHOLSTERY CLEANING,7217,professional_services,,
SPRINGHILL SUITES DTWN,SPRINGHILL SUITES DTWN,SPRINGHILL SUITES,7011,lodging,,
SP LAKES ENVIRONMENT,SP LAKES ENVIRONMENT,COMPUTER SOFTWARE STORES,5734,software_electronics,,
SQ *FLEXY FCP,FLEXY FCP,ACCESSORY AND APPAREL STORES-MISCELLANEOUS,5699,retail,,
"WHEN I WORK, INC.","WHEN I WORK, INC",COMPUTER SOFTWARE STORES,5734,software_electronics,,
CASTOS STA* TRIAL OVER,CASTOS STA TRIAL OVER,COMPUTER SOFTWARE STORES,5734,software_electronics,,
GILBARCO VEEDER ROOT,GILBARCO VEEDER ROOT,INDUSTRIAL SUPPLIES NOT ELSEWHERE CLASSIFIED,5085,industrial_hardware,,
EMIRATES  17,EMIRATES 17,EMIRATES AIRLINES (ABBR. EMIRATES),3003,airlines_travel,,
COLLEGE TRANSCRIPT,COLLEGE TRANSCRIPT,ORGANIZATIONS  MEMBERSHIP-NOT ELSEWHERE CLASSIFIED,8699,education_gov_membership,,
HOTELSCOM7205091634771,HOTELSCOM7205091634771,TRAVEL AGENCIES AND TOUR OPERATORS,4722,airlines_travel,,
IN *COSTA MEDIA BOSTON,COSTA MEDIA BOSTON,ADVERTISING SERVICES,7311,professional_services,,
SMTP2GO* SMTP2GO EMAIL,SMTP2GO SMTP2GO EMAIL,COMPUTER SOFTWARE STORES,5734,software_electronics,,
"IN *PARNASSUS BOOKS, L","PARNASSUS BOOKS, L",BOOK STORES,5942,retail,,
SIMPLECAST.COM/BILL,SIMPLECAST.COM/BILL,CABLE  SATELLITE  OTHER PAY TELEVISION  RADIO SVCS,4899,telecom_utilities,,
CANVA* 04038-51909564,CANVA 04038-51909564,COMMERCIAL ART  GRAPHICS  PHOTOGRAPHY,7333,professional_services,,
MINUTEMAN PRESS GW,MINUTEMAN PRESS GW,MISCELLANEOUS PUBLISHING AND PRINTING,2741,office_supplies,,
HYATT PLACE VIRGINIA B,HYATT PLACE VIRGINIA B,HYATT HOTELS,3640,lodging,,
IN *DIANA BRUCE AND AS,DIANA BRUCE AND AS,CONSULTING  MANAGEMENT  AND PUBLIC RELATIONS SVCS,7392,professional_services,,
FAIRFIELD INN MANHATTN,FAIRFIELD INN MANHATTN,FAIRFIELD INN,3715,lodging,,
LOYOLA CHGO CAS,LOYOLA CHGO CAS,COLLEGES  UNIV  PRO SCHOOLS  JUNIOR COLLEGES,8220,education_gov_membership,,
MOUNT VERNON,MOUNT VERNON,THEATRICAL PRODUCERS(EXCL MOTION PIX) TICKET AGNCY,7922,entertainment_media,,
INTERNATIONAL HOUSE HO,INTERNATIONAL HOUSE HO,LODGING-HOTELS MOTELS RESORTS-NOT CLASSIFIED,7011,lodging,,
CARVEWRIGH* CARVEWRIGH,CARVEWRIGH CARVEWRIGH,COMMERCIAL EQUIPMENT  NOT ELSEWHERE CLASSIFIED,5046,industrial_hardware,,
IN *CLARITY MOVEMENT C,CLARITY MOVEMENT C,ELECTRICAL PARTS AND EQUIPMENT,5065,software_electronics,,
ACME PAPER AND SUPPLY,ACME PAPER AND SUPPLY,INDUSTRIAL SUPPLIES NOT ELSEWHERE CLASSIFIED,5085,industrial_hardware,,
WP**THELITTLETOWNSMUSE,WP THELITTLETOWNSMUSE,SCHOOLS + EDUCATIONAL SVC-NOT ELSEWHERE CLASSIFIED,8299,education_gov_membership,,
YAMASAKI ACADEMY,YAMASAKI ACADEMY,SCHOOLS + EDUCATIONAL SVC-NOT ELSEWHERE CLASSIFIED,8299,education_gov_membership,,
AUTHENTIC8 INC,AUTHENTIC8 INC,COMP PROGRAMING DATA PRCSNG INTGRTD SYS DSGN SRVS,7372,software_electronics,,
GOGO MUSIC,GOGO MUSIC,BANDS  ORCHESTRAS  + MISC ENTRTNRS-NOT ELSWHR CLAS,7929,entertainment_media,,
"ACADEMY,CDR,ACEND","ACADEMY,CDR,ACEND",ORGANIZATIONS  MEMBERSHIP-NOT ELSEWHERE CLASSIFIED,8699,education_gov_membership,,
JAMZFIT,JAMZFIT,OTHER SERVICES (NOT ELSEWHERE CLASSIFIED),4789,transport_auto_fuel,,
HYATT PLACE NEW ORLEAN,HYATT PLACE NEW ORLEAN,HYATT PLACE,7011,lodging,,
FANTASTIC D,FANTASTIC D,SPORTING GOODS STORES,5941,entertainment_media,,
FC* ARCHAEOLOGY IN COM,FC ARCHAEOLOGY IN COM,ASSOCIATIONS-CIVIC  SOCIAL  AND FRATERNAL,8641,education_gov_membership,,
GALAXY COPIERS INC,GALAXY COPIERS INC,STATIONERY-OFFICE SUPPLIES-PRINTING + WRITING PAP.,5111,office_supplies,,
CVENT* CREDIT BUILDERS,CVENT CREDIT BUILDERS,ORGANIZATIONS  MEMBERSHIP-NOT ELSEWHERE CLASSIFIED,8699,education_gov_membership,,
KIMPTON HOTEL MONACO D,KIMPTON HOTEL MONACO D,LODGING-HOTELS MOTELS RESORTS-NOT CLASSIFIED,7011,lodging,,
HILTON NEW YORK FASHIO,HILTON NEW YORK FASHIO,HILTON,3504,lodging,,
SQ *THREE FIFTY,THREE FIFTY,EATING PLACES  RESTAURANTS,5812,restaurants,,
THE WESTIN DC DNTOWN,THE WESTIN DC DNTOWN,MARRIOTT,3509,lodging,,
INTERNATIONAL TRADE CT,INTERNATIONAL TRADE CT,AUTOMOBILE PARKING LOTS AND GARAGES,7523,transport_auto_fuel,,
IN *THE MOORE COLLABOR,THE MOORE COLLABOR,SCHOOLS + EDUCATIONAL SVC-NOT ELSEWHERE CLASSIFIED,8299,education_gov_membership,,
"IN *ELESERV, LLC","ELESERV, LLC",CONSULTING  MANAGEMENT  AND PUBLIC RELATIONS SVCS,7392,professional_services,,
WOODS HOLE INN LLC,WOODS HOLE INN LLC,LODGING-HOTELS MOTELS RESORTS-NOT CLASSIFIED,7011,lodging,,
PARENTSQUARE INC.,PARENTSQUARE INC,COMPUTER SOFTWARE STORES,5734,software_electronics,,
TWPPROMO70902567,TWPPROMO70902567,BOOKS PERIODICALS AND NEWSPAPERS,5192,office_supplies,,
IN *FRIENDS OF ANACOST,FRIENDS OF ANACOST,ORGANIZATIONS  CHARITABLE AND SOCIAL SERVICES,8398,education_gov_membership,,
CANVA* 04235-73268621,CANVA 04235-73268621,COMMERCIAL ART  GRAPHICS  PHOTOGRAPHY,7333,professional_services,,
IN *BOOKS BY THE BUSHE,BOOKS BY THE BUSHE,BOOK STORES,5942,retail,,
DC UNITED EVENTS,DC UNITED EVENTS,ATHLTIC FIELDS COMMRCL SPRT SPRT CLBS SPRT PROMOTR,7941,entertainment_media,,
WWW.W3SCHOOLS.COM,WWW.W3SCHOOLS.COM,SCHOOLS + EDUCATIONAL SVC-NOT ELSEWHERE CLASSIFIED,8299,education_gov_membership,,
VEVOR,VEVOR,HARDWARE STORES,5251,industrial_hardware,,
WPY*VENUE CATERING INC,WPY VENUE CATERING INC,CATERERS,5811,restaurants,,
GDP*411CPR.COM,GDP,HEALTH PRACTITIONERS  MEDICAL SRVCS-NOT ELSEWHERE,8099,health,,
RESEARCHKICK,RESEARCHKICK,COMPUTER SOFTWARE STORES,5734,software_electronics,,
NAPEX,NAPEX,ORGANIZATIONS  MEMBERSHIP-NOT ELSEWHERE CLASSIFIED,8699,education_gov_membership,,
HOWARD COMM COLLEGE,HOWARD COMM COLLEGE,COLLEGES  UNIV  PRO SCHOOLS  JUNIOR COLLEGES,8220,education_gov_membership,,
EZCATER*TASTY CREATION,EZCATER TASTY CREATION,CATERERS,5811,restaurants,,
ATLXP - LDG - HH ATLAN,ATLXP - LDG - HH ATLAN,HYATT HOTELS,3640,lodging,,
KRAKEN KOURTS,KRAKEN KOURTS,EATING PLACES  RESTAURANTS,5812,restaurants,,
SQ *ARLINGTON SMALL EN,ARLINGTON SMALL EN,AUTOMOTIVE SERVICE SHOPS,7538,transport_auto_fuel,,
SP CRASH DATA GROUP,SP CRASH DATA GROUP,AUTOMOTIVE PARTS  ACCESSORIES STORES,5533,transport_auto_fuel,,
CDW GOVT #AD2QM7L,CDW GOVT #AD2QM7L,COMPUTERS  COMPUTER PERIPHERAL EQUIPMENT  SOFTWARE,5045,software_electronics,,
TOTAL AUDIO VISUAL SYS,TOTAL AUDIO VISUAL SYS,COMP PROGRAMING DATA PRCSNG INTGRTD SYS DSGN SRVS,7372,software_electronics,,
IN *BRANDIRE,BRANDIRE,COMMERCIAL ART  GRAPHICS  PHOTOGRAPHY,7333,professional_services,,
INDEED USI25-02671236,INDEED USI25-02671236,EMPLOYMENT AGENCIES  TEMPORARY HELP SERVICES,7361,professional_services,,
2025 NAPSR EASTERN REG,NAPSR EASTERN REG,THEATRICAL PRODUCERS(EXCL MOTION PIX) TICKET AGNCY,7922,entertainment_media,,
IN *SUSAN RAHIMZADEH,SUSAN RAHIMZADEH,GOVERNMENT SERVICES-NOT ELSEWHERE CLASSIFIED,9399,education_gov_membership,,
SQ *THE GREEN SCHEME,THE GREEN SCHEME,ORGANIZATIONS  CHARITABLE AND SOCIAL SERVICES,8398,education_gov_membership,,
CANVA* I04619-35551870,CANVA I04619-35551870,COMMERCIAL ART  GRAPHICS  PHOTOGRAPHY,7333,professional_services,,
BEST BUY METALS- NATIO,BEST BUY METALS- NATIO,CONSTRUCTION MATERIALS NOT ELSEWHERE CLASSIFIED,5039,industrial_hardware,,
FOREFLIGHT LLC,FOREFLIGHT LLC,COMPUTERS  COMPUTER PERIPHERAL EQUIPMENT  SOFTWARE,5045,software_electronics,,
SQ *COREATIVE INC,COREATIVE INC,BANDS  ORCHESTRAS  + MISC ENTRTNRS-NOT ELSWHR CLAS,7929,entertainment_media,,
CANVA* I04717-43745618,CANVA I04717-43745618,COMMERCIAL ART  GRAPHICS  PHOTOGRAPHY,7333,professional_services,,
"IN *READY FOR DUTY, LL","READY FOR DUTY, LL",DETECTVE-PROTECTVE AGNCY SECURITY SRVS  ARMOR CARS,7393,professional_services,,
RESDESK*HAMPTON INN BY,RESDESK HAMPTON INN BY,TRAVEL AGENCIES AND TOUR OPERATORS,4722,airlines_travel,,
LEVEL99 TYSONS,LEVEL99 TYSONS,VIDEO GAME ARCADES-ESTABLISHMENTS,7994,entertainment_media,,
JOHN WILEY & SONS,JOHN WILEY & SONS,COLLEGES  UNIV  PRO SCHOOLS  JUNIOR COLLEGES,8220,education_gov_membership,,
DIAZ SHEET METAL LLC,DIAZ SHEET METAL LLC,HEATING  PLUMBING  AIR CONDITIONING CONTRACTORS,1711,industrial_hardware,,
CDW GOVT #AI4UB2C,CDW GOVT #AI4UB2C,COMPUTERS  COMPUTER PERIPHERAL EQUIPMENT  SOFTWARE,5045,software_electronics,,
WORLD MARKET ECOMM,WORLD MARKET ECOMM,MISCELLANEOUS HOUSE FURNISHING SPECIALTY SHOPS,5719,retail,,
LAKEBRA  KEEBEE CLARK,LAKEBRA KEEBEE CLARK,SCHOOLS + EDUCATIONAL SVC-NOT ELSEWHERE CLASSIFIED,8299,education_gov_membership,,
IN *BACKSTAGE LIBRARY,BACKSTAGE LIBRARY,BOOK STORES,5942,retail,,
DAL-TILE #159 ALEXANDR,DAL-TILE ALEXANDR,FLOOR COVERING STORES,5713,retail,,
CANVA* 04905-9060813,CANVA 04905-9060813,PHOTOGRAPHIC STUDIOS,7221,entertainment_media,,
"IN *PERIMETER, INC.","PERIMETER, INC",COMPUTERS  COMPUTER PERIPHERAL EQUIPMENT  SOFTWARE,5045,software_electronics,,
ADS CONFER* ADVANCING,ADS CONFER ADVANCING,SCHOOLS + EDUCATIONAL SVC-NOT ELSEWHERE CLASSIFIED,8299,education_gov_membership,,
CANON FINANCIAL SERVIC,CANON FINANCIAL SERVIC,ELECTRONIC SALES,5732,software_electronics,,
MOUNTAIN MODERN HOTEL,MOUNTAIN MODERN HOTEL,LODGING-HOTELS MOTELS RESORTS-NOT CLASSIFIED,7011,lodging,,
