source,observed_description,mcc,match,n_rows
dc,BOOK STORES,5942,exact,44907
dc,COMMERCIAL EQUIPMENT  NOT ELSEWHERE CLASSIFIED,5046,exact,12174
dc,BUSINESS SERVICES-NOT ELSEWHERE CLASSIFIED,7399,exact,10008
dc,PROFESSIONAL SERVICES-NOT ELSEWHERE CLASSIFIED,8999,fuzzy,9931
dc,STATIONERY-OFFICE SUPPLIES-PRINTING + WRITING PAP.,5111,fuzzy,9419
dc,ORGANIZATIONS  MEMBERSHIP-NOT ELSEWHERE CLASSIFIED,8699,fuzzy,8999
dc,ORGANIZATIONS  CHARITABLE AND SOCIAL SERVICES,8398,fuzzy,8147
dc,SCHOOLS + EDUCATIONAL SVC-NOT ELSEWHERE CLASSIFIED,8299,fuzzy,7166
dc,TRANSPRTN-SUBRBN + LOCAL COMTR PSNGR  INCL FERRIES,4111,manual,6229
dc,AMERICAN AIRLINES,3001,exact,5867
dc,MISCELLANEOUS PUBLISHING AND PRINTING,2741,exact,5580
dc,COMPUTER SOFTWARE STORES,5734,exact,5364
dc,OFFICE  SCHOOL SUPPLY  AND STATIONERY STORES,5943,fuzzy,4993
dc,COMPUTERS  COMPUTER PERIPHERAL EQUIPMENT  SOFTWARE,5045,exact,4866
dc,CABLE  SATELLITE  OTHER PAY TELEVISION  RADIO SVCS,4899,fuzzy,4716
dc,SOUTHWEST AIRLINES,3003,fuzzy,4535
dc,HOME SUPPLY WAREHOUSE STORES,5200,exact,4163
dc,LODGING-HOTELS MOTELS RESORTS-NOT CLASSIFIED,7011,fuzzy,3854
dc,DIRECT MARKETING-CONTINUITY-SUBSCRIPTION MERCHANTS,5968,fuzzy,3793
dc,MISCELLANEOUS AND SPECIALTY RETAIL STORES,5999,exact,3630
dc,DIRECT MARKETING-COMBINATION CATALOG-RETAIL MERCH.,5965,fuzzy,3555
dc,CONSULTING  MANAGEMENT  AND PUBLIC RELATIONS SVCS,7392,fuzzy,3438
dc,ADVERTISING SERVICES,7311,exact,3192
dc,OFFICE PHOTOGRAPHIC PHOTOCOPY + MICROFILM EQUIPMT.,5044,fuzzy,3127
dc,COMP PROGRAMING DATA PRCSNG INTGRTD SYS DSGN SRVS,7372,manual,3070
dc,COURIER SVC-AIR + GROUND  FREIGHT FORWARDERS,4215,fuzzy,2824
dc,COLLEGES  UNIV  PRO SCHOOLS  JUNIOR COLLEGES,8220,manual,2694
dc,UNITED AIRLINES,3000,exact,2691
dc,GOVERNMENT SERVICES-NOT ELSEWHERE CLASSIFIED,9399,exact,2646
dc,TRANSPORTATION SERVICES NOT ELSEWHERE CLASSIFIED,4789,exact,2369
dc,INDUSTRIAL SUPPLIES NOT ELSEWHERE CLASSIFIED,5085,exact,2351
dc,ASSOCIATIONS-CIVIC  SOCIAL  AND FRATERNAL,8641,fuzzy,2171
dc,DENTAL-LAB-MED-OPHTHALMIC HOSP EQUIP + SUPPLIES,5047,manual,2132
dc,DIRECT MARKETING-OTHER DIRECT MARKETERS-NOT ELSEW.,5969,fuzzy,1870
dc,ELECTRONIC SALES,5732,exact,1856
dc,COMPUTER MAIN.-REPAIR-SERVICES NOT ELSEWHERE CLASS,7379,fuzzy,1837
dc,HARDWARE STORES,5251,exact,1813
dc,DELTA,3058,exact,1797
dc,MARRIOTT,3509,fuzzy,1755
dc,DURABLE GOODS  NOT ELSEWHERE CLASSIFIED,5099,exact,1742
dc,TRAVEL AGENCIES AND TOUR OPERATORS,4722,fuzzy,1674
dc,GLASS  PAINT  WALLPAPER STORES,5231,fuzzy,1631
dc,DIRECT MARKETING-CATALOG MERCHANTS,5964,fuzzy,1550
dc,BANDS  ORCHESTRAS  + MISC ENTRTNRS-NOT ELSWHR CLAS,7929,fuzzy,1493
dc,OTHER SERVICES (NOT ELSEWHERE CLASSIFIED),4789,fuzzy,1487
dc,COMMERCIAL ART  GRAPHICS  PHOTOGRAPHY,7333,fuzzy,1391
dc,MENS AND WOMENS CLOTHING STORES,5691,fuzzy,1174
dc,HILTON,3504,fuzzy,1156
dc,SPORTING GOODS STORES,5941,exact,1148
dc,COMPUTER NETWORK-INFORMATION SERVICES,4816,fuzzy,1133
dc,PASSENGER RAILWAYS,4112,exact,1117
dc,EATING PLACES  RESTAURANTS,5812,exact,1115
dc,MENS-WOMENS-CHILDRENS UNIFORMS-COMMERCIAL CLOTH,5137,fuzzy,1055
dc,HYATT HOTELS,3640,fuzzy,1052
dc,FAST FOOD RESTAURANTS,5814,exact,1027
dc,QUICK COPY REPRODUCTION AND BLUEPRINTING SERVICES,7338,exact,1018
dc,MISCELLANEOUS GENERAL MERCHANDISE,5399,exact,1016
dc,ELECTRICAL PARTS AND EQUIPMENT,5065,exact,997
dc,POSTAL SERVICES-GOVERNMENT ONLY,9402,exact,961
dc,GENERAL CONTRACTORS-RESIDENTIAL BUILDINGS,1520,fuzzy,874
dc,HEALTH PRACTITIONERS  MEDICAL SRVCS-NOT ELSEWHERE,8099,fuzzy,869
dc,BOOKS PERIODICALS AND NEWSPAPERS,5192,exact,824
dc,GROCERY STORES  SUPERMARKETS,5411,exact,773
dc,RESIDENCE INN,3703,fuzzy,743
dc,HOLIDAY INNS,3501,exact,742
dc,AUTOMOTIVE PARTS  ACCESSORIES STORES,5533,exact,731
dc,CATERERS,5811,exact,724
dc,Large Digital Goods Merchant,5818,fuzzy,716
dc,HOMEWOOD SUITES,3751,exact,682
dc,DISCOUNT STORES,5310,exact,679
dc,CONTRACTORS SPECIAL TRADE-NOT ELSEWHERE CLASSIFIED,1799,exact,630
dc,COURTYARD BY MARRIOTT,3690,exact,618
dc,SHERATON,3503,fuzzy,604
dc,EQUIPMENT RENTAL+LEASING SVS  FURNTURE-TOOL RENTAL,7394,fuzzy,600
dc,Media- Books+Movies+Music,5815,fuzzy,537
dc,NONDURABLE GOODS (NOT ELSEWHERE CLASSIFIED),5199,exact,525
dc,ATTORNEYS  LEGAL SERVICES,8111,fuzzy,475
dc,EMPLOYMENT AGENCIES  TEMPORARY HELP SERVICES,7361,exact,474
dc,LIMOUSINES AND TAXICABS,4121,fuzzy,465
dc,WESTIN,3513,fuzzy,462
dc,TELECOM INCL PREPAID-RECURRING PHONE SVCS,4814,manual,452
dc,EXTENDED STAY,7011,manual,435
dc,INFORMATION RETRIEVAL SERVICES,7375,exact,434
dc,THEATRICAL PRODUCERS(EXCL MOTION PIX) TICKET AGNCY,7922,manual,430
dc,ACCESSORY AND APPAREL STORES-MISCELLANEOUS,5699,fuzzy,430
dc,PHOTOGRAPHIC STUDIOS,7221,exact,422
dc,SCHOOLS  TRADE AND VOCATIONAL,8249,fuzzy,413
dc,OFFICE AND COMMERCIAL FURNITURE,5021,exact,409
dc,HOSPITALS,8062,exact,407
dc,BRIDGE AND ROAD FEES  TOLLS,4784,fuzzy,390
dc,HAMPTON INN HOTELS,7011,manual,387
dc,CLEANING AND MAINTENANCE  JANITORIAL SERVICES,7349,exact,376
dc,ALASKA AIRLINES INC.,3003,fuzzy,373
dc,VARIETY STORES,5331,exact,372
dc,MUSIC STORES-INSTRUMENTS  PIANOS  SHEET MUSIC,5733,fuzzy,371
dc,JETBLUE AIRWAYS (JETBLUE),4511,manual,355
dc,PET SHOPS - PET FOODS AND SUPPLIES,5995,fuzzy,340
dc,DETECTVE-PROTECTVE AGNCY SECURITY SRVS  ARMOR CARS,7393,manual,333
dc,DOCTORS  (NOT ELSEWHERE CLASSIFIED),8011,fuzzy,328
dc,GIFT  CARD  NOVELTY AND SOUVENIR SHOPS,5947,exact,325
dc,PLUMBING AND HEATING EQUIPMENT,5074,fuzzy,323
dc,HEATING  PLUMBING  AIR CONDITIONING CONTRACTORS,1711,manual,306
dc,PUBLIC WAREHOUSING-FARM  REFRIG GOODS  HHG STORAGE,4225,fuzzy,291
dc,Applications - Excludes Games,5817,fuzzy,291
dc,FAIRFIELD INN,3715,fuzzy,289
dc,DOUBLETREE,3692,fuzzy,288
dc,AUTO + TRUCK DLRS-SALES SVC  REPRS PRTS  + LEASING,5511,manual,285
dc,EMBASSY SUITES,3695,exact,277
dc,CONSUMER CREDIT REPORTING AGENCIES,7321,exact,269
dc,CONSTRUCTION MATERIALS NOT ELSEWHERE CLASSIFIED,5039,exact,269
dc,REAL ESTATE AGENTS AND MANAGERS-RENTALS,6513,exact,260
dc,NEWS DEALERS AND NEWSSTANDS,5994,exact,259
dc,HILTON GARDEN INN,7011,manual,258
dc,ELECTRICAL CONTRACTORS,1731,exact,252
dc,WHOLESALE CLUBS,5300,exact,244
dc,AUTOMOTIVE SERVICE SHOPS,7538,exact,242
dc,AIR CARRIERS  AIRLINES-NOT ELSEWHERE CLASSIFIED,3003,fuzzy,238
dc,UTLTS-ELCTRC  GAS  HEATING OIL  SANITARY  WATER,4900,manual,238
dc,GAME  TOY  AND HOBBY SHOPS,5945,fuzzy,227
dc,RENAISSANCE HOTELS,3530,exact,226
dc,MISCELLANEOUS REPAIR SHOPS AND RELATED SERVICES,7699,fuzzy,225
dc,FAMILY CLOTHING STORES,5651,exact,217
dc,EQUIP  FURNITURE  HOME FURNSHNGS STRS (EXCPT APPL),5712,manual,210
dc,HARDWARE EQUIPMENT AND SUPPLIES,5072,exact,209
dc,RECREATION SERVICES (NOT ELSEWHERE CLASSIFIED),7999,exact,208
dc,WYNDHAM,3722,fuzzy,207
dc,ARTIST SUPPLY STORES  CRAFT SHOPS,5970,manual,206
dc,OMNI HOTELS,3592,exact,204
dc,ACCOUNTING  AUDITING AND BOOKKEEPING SERVICES,8931,exact,202
dc,RECORD SHOPS,5735,exact,194
dc,HYATT PLACE,7011,manual,191
dc,TESTING LABORATORIES (NON-MEDICAL),8734,exact,190
dc,SCHOOLS  ELEMENTARY AND SECONDARY,8211,fuzzy,187
dc,COMFORT INNS,3562,exact,186
dc,TELECOMMUNICATION EQUIPMENT INCL TELEPHONE SALES,4812,fuzzy,185
dc,DRY CLEANERS,7216,exact,178
dc,MISC-AUTO-AIRCRAFT-FARM EQUIP  NOT ELSEWHERE CLASS,5599,manual,173
dc,MOTION PICTURE-VIDEO TAPE PRODUCTION-DISTRIBUTION,7829,fuzzy,159
dc,BUILDING MATERIALS  LUMBER STORES,5211,fuzzy,157
dc,STENOGRAPHIC AND SECRETARIAL SUPPORT SERVICES,7339,exact,150
dc,CLUBS-CNTRY MBRSHIP(ATHLET REC SPRTS PRIVATE GOLF,7997,manual,146
dc,FREIGHT CARRIER TRUCKING-LCL-LNG DIST  MVG-STORAGE,4214,manual,138
dc,CAMERA AND PHOTOGRAPHIC SUPPLY STORES,5946,exact,138
dc,FRONTIER,4511,manual,135
dc,INSURANCE SALES UNDERWRITING AND PREMIUMS,6300,exact,133
dc,INTERCONTINENTAL HOTELS,7011,manual,133
dc,AVIS RENT A CAR,3389,exact,129
dc,SPRINGHILL SUITES,7011,manual,126
dc,LAQUINTA INNS,7011,manual,126
dc,MISC FOOD STORE-CONVENIENCE MRKT SPLTY VENDNG MACS,5499,manual,123
dc,SHOE STORES,5661,exact,123
dc,CHEMICALS-ALLIED PRODUCTS NOT ELSEWHERE CLASSIFIED,5169,fuzzy,115
dc,LANDSCAPING AND HORTICULTURAL SERVICES,780,fuzzy,115
dc,MEDICAL AND DENTAL LABORATORIES,8071,exact,115
dc,ENTERPRISE RENT-A-CAR,3405,exact,114
dc,ALOFT HOTELS,7011,manual,113
dc,ARCHITECTURAL  ENGINEERING  AND SURVEYING SERVICES,8911,exact,109
dc,CROWNE PLAZA HOTELS,3750,exact,108
dc,AMUSEMENT PARKS CARNIVALS CIRCUS FORTUNE TELLERS,7996,fuzzy,107
dc,SCHOOLS  BUSINESS AND SECRETARIAL,8244,fuzzy,102
dc,LOEWS HOTELS,3654,exact,100
dc,FLORISTS,5992,exact,99
dc,BOWLING ALLEYS,7933,exact,98
dc,GAYLORD OPRYLAND,7011,manual,96
dc,AIR CONDITIONING AND REFRIGERATION REPAIR SHOPS,7623,exact,92
dc,DEBT  MARRIAGE  PERSONAL-COUNSELING SERVICE,7277,fuzzy,89
dc,VETERINARY SERVICES,742,exact,89
dc,COURT COSTS INCLUDING ALIMONY AND CHILD SUPPORT,9211,exact,89
dc,CLOTHING RENTAL-COSTUMES UNIFORMS FORMAL WEAR,7296,fuzzy,89
dc,Autograph,7011,manual,87
dc,DANCE HALLS  SCHOOLS  AND STUDIOS,7911,fuzzy,84
dc,SPIRIT AIRLINES-SPIRIT,3003,fuzzy,84
dc,BUS LINES,4131,exact,83
dc,VENETIAN RESORT HOTEL AND CASINO,7011,manual,82
dc,AUTOMOTIVE TIRE STORES,5532,exact,81
dc,LAWN AND GARDEN SUPPLY STORES,5261,fuzzy,81
dc,TOURIST ATTRACTIONS AND EXHIBITS,7991,exact,78
dc,DRURY INN,3693,fuzzy,77
dc,SPORTS APPAREL  RIDING APPAREL STORES,5655,exact,76
dc,SONESTA HOTELS,3591,exact,73
dc,HARRAHS HOTELS AND CASINOS,3731,fuzzy,70
dc,MENS AND BOYS CLOTHING AND ACCESSORIES STORES,5611,fuzzy,69
dc,MOTION PICTURE THEATERS,7832,exact,69
dc,AUTOMOBILE PARKING LOTS AND GARAGES,7523,exact,68
dc,MARINAS  MARINE SERVICE-SUPPLIES,4468,fuzzy,68
dc,FABRIC  NEEDLEWORK  PIECE GOODS  AND SEWING STORES,5949,fuzzy,67
dc,CAESARS HOTEL AND CASINO,7011,manual,65
dc,AIR CAN,4511,manual,64
dc,EXTERMINATING AND DISINFECTING SERVICES,7342,exact,63
dc,RED ROOF INNS,3650,fuzzy,63
dc,CHILDRENS AND INFANTS WEAR STORES,5641,fuzzy,62
dc,SERVICE STATIONS WITH OR WITHOUT ANCILLARY SERVICE,5541,fuzzy,62
dc,HOUSEHOLD APPLIANCE STORES,5722,exact,62
dc,FUEL DISPENSER  AUTOMATED,5542,fuzzy,61
dc,ELECTRICAL AND SMALL APPLIANCE REPAIR SHOPS,7629,exact,60
dc,Curio Hotels,7011,manual,59
dc,DAYS INNS,3510,fuzzy,57
dc,DRUG STORES  PHARMACIES,5912,fuzzy,56
dc,DRAPERY  UPOLSTERY  AND WINDOW COVERINGS STORES,5714,fuzzy,55
dc,QUALITY INNS,3508,exact,55
dc,SANITATION  POLISHING + SPECIALITY CLEANING PREP,2842,manual,54
dc,RADISSON HOTELS,3649,exact,54
dc,RELIGIOUS GOODS STORES,5973,exact,53
dc,ART DEALERS AND GALLERIES,5971,exact,51
dc,MANDALAY BAY RESORT,7011,manual,50
dc,BELLAGIO HOTEL AND CASINO,7011,manual,50
dc,HERTZ,3357,fuzzy,50
dc,MOTEL 6,3700,exact,47
dc,MOTOR VEHICLE SUPPLIES AND NEW PARTS,5013,exact,46
dc,COSMETIC STORES,5977,exact,46
dc,CANDY  NUT  CONFECTIONERY STORES,5441,fuzzy,44
dc,Country Inn By Carlson,7011,manual,44
dc,WOMENS READY TO WEAR STORES,5621,fuzzy,44
dc,BICYCLE SHOPS-SALES AND SERVICE,5940,exact,44
dc,MISCELLANEOUS HOUSE FURNISHING SPECIALTY SHOPS,5719,fuzzy,43
dc,PIECE GOODS NOTIONS AND OTHER DRY GOODS,5131,exact,43
dc,FAIRMONT HOTELS,3590,exact,39
dc,W HOTELS,7011,manual,39
dc,TOWNEPLACE SUITES,3740,fuzzy,38
dc,HOMES2 SUITES BY HILTON,7011,manual,37
dc,DEPARTMENT STORES,5311,exact,37
dc,MERIDIEN HOTELS,3520,exact,37
dc,SWISSOTEL,3634,exact,36
dc,AUTOMOTIVE BODY REPAIR SHOPS,7531,exact,35
dc,BAR LOUNGE DISCO NIGHTCLUB TAVERN-ALCOHOLIC DRINKS,5813,manual,34
dc,DISNEY RESORTS,7011,manual,34
dc,BUDGET RENT-A-CAR,3366,exact,34
dc,STAYBRIDGE SUITES,7011,manual,33
dc,FLOOR COVERING STORES,5713,exact,33
dc,MGM GRAND HOTEL,3730,exact,33
dc,BALLYS HOTEL AND CASINO,3728,fuzzy,32
dc,CAR WASHES,7542,exact,31
dc,BEST WESTERN HOTELS,3502,exact,28
dc,ORGANIZATIONS  POLITICAL,8651,fuzzy,28
dc,WYNN LAS VEGAS,7011,manual,28
dc,EMBASSY HOTELS,3652,exact,28
dc,PEPPERMILL HOTEL CASINO,7011,manual,28
dc,BAKERIES,5462,exact,27
dc,WELDING REPAIR,7692,exact,27
dc,ROYAL DUTCH AIRLINES (KLM),3003,fuzzy,27
dc,RECREATIONAL AND SPORTING CAMPS,7032,fuzzy,26
dc,THE RITZ-CARLTON,3710,fuzzy,25
dc,CAMPER DEALERS  RECREATIONAL AND UTILITY TRAILERS,5561,fuzzy,25
dc,AGRICULTURAL COOPERATIVES,763,fuzzy,24
dc,GAYLORD PALMS,7011,manual,24
dc,CLEANING  GARMENT  AND LAUNDRY SERVICES,7210,fuzzy,24
dc,ATHLTIC FIELDS COMMRCL SPRT SPRT CLBS SPRT PROMOTR,7941,manual,24
dc,FOUR POINTS HOTELS,7011,manual,24
dc,BARBER AND BEAUTY SHOPS,7230,exact,24
dc,SWIMMING POOLS - SALES AND SUPPLIES,5996,fuzzy,23
dc,Cosmopolitan Hotel,7011,manual,22
dc,LUXOR HOTEL AND CASINO,7011,manual,22
dc,HEARING AIDS-SALES  SERVICE  SUPPLY STORES,5975,fuzzy,22
dc,Games,5816,fuzzy,21
dc,FOUR SEASONS HOTELS,3543,exact,21
dc,ORTHOPEDIC GOODS-ARTIFICIAL LIMB STORES,5976,manual,21
dc,DENTISTS  ORTHODONTISTS,8021,exact,21
dc,CONCRETE WORK CONTRACTORS,1771,exact,20
dc,TOWING SERVICES,7549,exact,20
dc,AUTOMOBILE RENTAL AGENCY-NOT ELSEWHERE CLASSIFIED,7512,manual,19
dc,ORGANIZATIONS  RELIGIOUS,8661,fuzzy,19
dc,NATIONAL CAR RENTAL,3393,exact,19
dc,OPTICIANS OPTICAL GOODS + EYEGLASSES,8044,fuzzy,19
dc,MOTORCYCLE SHOPS AND DEALERS,5571,exact,19
dc,PHOTO DEVELOPING  PHOTOFINISHING LABORATORIES,7395,fuzzy,19
dc,HOTEL INDIGO,7011,manual,19
dc,ALTERATIONS  MENDING  SEAMSTRESSES  TAILORS,5697,fuzzy,18
dc,DELTA HOTELS,3058,fuzzy,18
dc,Waldorf,7011,manual,18
dc,CANDLEWOOD SUITES,7011,manual,18
dc,CLARION HOTELS,3687,exact,18
dc,ELEMENT,7011,manual,18
dc,PARIS LAS VEGAS HOTEL,7011,manual,17
dc,CHILD CARE SERVICES,8351,exact,17
dc,RED LION INNS,3528,fuzzy,17
dc,RAMADA INNS,3637,exact,17
dc,TRUCK RENTAL,7513,manual,17
dc,SCHOOLS  CORRESPONDENCE,8241,fuzzy,17
dc,MIRAGE HOTEL AND CASINO,7011,manual,16
dc,ROOFING AND SIDING  SHEET METAL WORK CONTRACTORS,1761,fuzzy,16
dc,ELECTRONIC REPAIR SHOPS,7622,fuzzy,16
dc,METAL SERVICE CENTERS AND OFFICES,5051,exact,15
dc,FONTAINEBLEAU RESORT,7011,manual,15
dc,MICROTEL INN AND SUITES,7011,manual,15
dc,SIXT CAR RENTAL,3355,fuzzy,14
dc,EXCALIBUR HOTEL AND CASINO,7011,manual,13
dc,TYPESETTING  PLATE MAKING + RELATED SERVICES,2791,exact,13
dc,CARPET AND UPHOLSTERY CLEANING,7217,exact,13
dc,HILTON INTERNATIONAL,3535,exact,13
dc,MONTE CARLO HOTEL AND CASINO,7011,manual,13
dc,PAINTS VARNISHES AND SUPPLIES,5198,exact,12
dc,INSULATION MASONRY PLSTER STONEWRK TILESET CNTRCTR,1740,manual,12
dc,HEALTH  AND BEAUTY SPAS,7298,exact,12
dc,THE FLAMINGO HOTELS,7011,manual,12
dc,BOAT DEALERS,5551,exact,12
dc,SECOND HAND STORES  USED MERCHANDISE STORES,5931,fuzzy,11
dc,AQUARIUMS  DOLPHINARIUMS  AND SEAQUARIUMS,7998,fuzzy,11
dc,Canopy,7011,manual,11
dc,GOLDEN NUGGET,7011,manual,11
dc,VDARA,7011,manual,11
dc,SLEEP INNS,7011,manual,10
dc,ROSEN HOTELS + RESORTS,7011,manual,10
dc,AMBULANCE SERVICES,4119,exact,10
dc,VIDEO AMUSEMENT GAME SUPPLIES,7993,exact,9
dc,FUEL DEALERS-COAL  FUEL OIL  LIQ PETROLEUM  WOOD,5983,manual,9
dc,TENT AND AWNING SHOPS,5998,exact,9
dc,CONRAD HOTELS,7011,manual,9
dc,FINES,9222,exact,9
dc,SOFITEL HOTELS,3641,exact,8
dc,DRUGS  DRUP PROPRIETARIES  AND DRUGGISTS SUPPLIES,5122,manual,8
dc,SILVER LEGACY HOTEL AND CASINO,7011,manual,8
dc,WOMENS ACCESSORY AND SPECIALTY STORES,5631,manual,8
dc,ALAMO RENT-A-CAR,3387,exact,8
dc,TIRE RETREADING AND REPAIR SHOPS,7534,fuzzy,8
dc,OPTOMETRISTS  OPHTHALMOLOGISTS,8042,fuzzy,8
dc,GREAT WOLF,7011,manual,7
dc,Electric Vehicle Charging to PaymentNet,5541,manual,7
dc,LEATHER GOODS AND LUGGAGE STORES,5948,fuzzy,7
dc,BRITISH A,4511,manual,7
dc,DIRECT MARKETING-INSURANCE SERVICES,5960,exact,6
dc,CARIBE ROYALE RESORT SUITES + VILLAS,7011,manual,6
dc,PETROLEUM AND PETROLEUM PRODUCTS,5172,exact,6
dc,RADISSON BLU,7011,manual,6
dc,LAUNDRY SERVICES - FAMILY AND COMMERICAL,7211,manual,6
dc,SUPER 8 MOTELS,7011,manual,6
dc,AVIANCA,3039,exact,5
dc,RENT A WRECK,3370,exact,5
dc,AUTOMOBILE ASSOCIATIONS,8675,exact,5
dc,TAP (PORTUGAL),3035,exact,5
dc,PACKAGE STORES  BEER  WINE  LIQUOR,5921,fuzzy,5
dc,Sun Country Airlines,3069,exact,5
dc,TAROM ROMANIAN AIR TRANSPORT,4511,manual,4
dc,FLORIST SUPPLIES NURSERY STOCK + FLOWERS,5193,fuzzy,4
dc,FAIRFIELD HOTELS,3697,fuzzy,4
dc,THE PALACE HOTEL,7011,manual,4
dc,THY (TURKEY),3047,exact,4
dc,EMIRATES AIRLINES (ABBR. EMIRATES),3003,fuzzy,4
dc,NURSING AND PERSONAL CARE FACILITIES,8050,exact,4
dc,FUNERAL SERVICE AND CREMATORIES,7261,exact,4
dc,CHIROPODISTS  PODIATRISTS,8049,exact,4
dc,AMERICINN,7011,manual,4
dc,CHIROPRACTORS,8041,exact,4
dc,ROYAL AIR MAROC,3048,exact,3
dc,EXTENDED STAY AMERICA,7011,manual,3
dc,COMMERCIAL FOOTWEAR,5139,exact,3
dc,HOWARD JOHNSON,3638,fuzzy,3
dc,HARVEY BRISTOL HOTELS,3734,exact,3
dc,PREMIER INN,7011,manual,3
dc,BOAT LEASES AND BOAT RENTALS,4457,fuzzy,3
dc,PENINSULA HOTELS,3523,fuzzy,3
dc,AIRPORTS  AIRPORT TERMINALS  FLYING FIELDS,4582,exact,3
dc,AUTOMOBILE AND TRUCK DEALERS-(USED ONLY)-SALES,5521,fuzzy,3
dc,FURNITURE-REUPHOLSTERY AND REPAIR  REFINISHING,7641,fuzzy,3
dc,QATAR AIRWAYS COMPANY W.L.L. (QATAR AIR),4511,manual,3
dc,WIG AND TOUPEE SHOPS,5698,manual,3
dc,NOVOTEL HOTELS,3642,exact,3
dc,ANTIQUE SHOPS-SALES REPAIRS RESTORATION SERVICES,5832,fuzzy,3
dc,TACA INTERNATIONAL,3127,exact,3
dc,NEW YORK  NEW YORK HOTEL AND CASINO,7011,manual,2
dc,WESTJET AIRLINES,3003,fuzzy,2
dc,VIDEO GAME ARCADES-ESTABLISHMENTS,7994,exact,2
dc,RIO SUITES,3726,exact,2
dc,CRUISE LINES,4411,exact,2
dc,SALVAGE AND WRECKING YARDS,5935,fuzzy,2
dc,VIRGIN ATLANTIC,3144,exact,2
dc,TREASURE ISLAND HOTEL AND CASINO,7011,manual,2
dc,LA QUINTA RESORT,7011,manual,2
dc,LUFTHANSA,3008,exact,2
dc,FREEZER  LOCKER MEAT PROVISIONERS,5422,fuzzy,2
dc,ICELANDAIR,3050,exact,2
dc,CARPENTRY CONTRACTORS,1750,exact,2
dc,SCANDINAVIAN AIRLINE SYSTEM (SAS),3016,fuzzy,2
dc,TRAVELODGE,3615,exact,2
dc,CLOCK  JEWELRY  WATCH  AND SILVERWARE STORE,5944,fuzzy,2
dc,AER LINGUS,3043,exact,1
dc,ADVANTAGE RENT A CAR,3412,fuzzy,1
dc,DAIRY PRODUCTS STORES,5451,exact,1
dc,CLOCK  JEWELRY  AND WATCH REPAIR SHOPS,7631,fuzzy,1
dc,GENERAL RENT-A-CAR,3409,exact,1
dc,BUYING-SHOPPING CLUBS  SERVICES,7278,fuzzy,1
dc,TAX PREPARATION SERVICE,7276,exact,1
dc,QANTAS,3012,exact,1
dc,JAPAN AIR LINES,3006,fuzzy,1
dc,HOTELS MELIA,3548,fuzzy,1
dc,AIR FRANCE,3007,exact,1
dc,HOTEL IBIS,3533,exact,1
dc,VIDEO ENTERTAINMENT RENTAL STORES,7841,manual,1
dc,SNBRU AIR,4511,manual,1
dc,MILLENNIUM HOTELS,7011,manual,1
dc,TIMESHARES,7012,exact,1
dc,THRIFTY CAR RENTAL,3355,fuzzy,1
ok,BOOK STORES,5942,exact,203901
ok,INDUSTRIAL SUPPLIES NOT ESLEWHERE CLASSI,5085,fuzzy,56043
ok,LAB/MEDICAL/DENTAL/OPHTHALMIC HOSPITAL E,5047,fuzzy,44129
ok,GROCERY STORES  SUPERMARKETS,5411,exact,42442
ok,GOVERNMENT SERVICES NOT ELSEWHERE CLASSI,9399,fuzzy,36858
ok,AMERICAN AIRLINES,3001,exact,33462
ok,HOME SUPPLY WAREHOUSE STORES,5200,exact,33244
ok,UTILITIES-ELEC/GAS/HEAT OIL/SANITARY/WTR,4900,fuzzy,30504
ok,STATIONERY OFFICE SUPPLIES PRINTING AND,5111,fuzzy,30188
ok,MISCELLANEOUS AND RETAIL STORES,5999,fuzzy,25828
ok,HOLIDAY INNS,3501,exact,24088
ok,BUSINESS SERVICES NOT ELSEWHERE CLASSIFI,7399,fuzzy,24018
ok,TRAVEL AGENCIES,4722,fuzzy,22165
ok,TELECOMMUNICATION SERV.INCLUD. LOCAL/L.D,4814,manual,20424
ok,EATING PLACES  RESTAURANTS,5812,exact,19019
ok,COMPUTER SOFTWARE STORES,5734,exact,17581
ok,COMMERCIAL EQUIPMENT  NOT ELSEWHERE CLAS,5046,fuzzy,17056
ok,AUTOMOTIVE PARTS  ACCESSORIES STORES,5533,exact,16957
ok,CHARITABLE AND SOCIAL SERVICE ORGANIZATI,8398,fuzzy,16367
ok,MISCELLANEOUS GENERAL MERCHANDISE STORES,5399,fuzzy,16301
ok,HARDWARE STORES,5251,exact,15911
ok,FAST FOOD RESTAURANTS,5814,exact,15666
ok,LODGING  HOTELS  MOTELS  RESORTS,7011,fuzzy,15446
ok,COURIER SERVICES-AIR OR GROUND FREIGHT F,4215,fuzzy,13891
ok,SOUTHWEST AIRLINES,3003,fuzzy,13754
ok,MEMBERSHIP ORGANIZATIONS NOT ELSEWHERE C,8699,fuzzy,12479
ok,ELECTRICAL PARTS AND EQUIPMENT,5065,exact,12001
ok,PLUMBING & HEATING EQUIPMENT AND SUPPLIE,5074,fuzzy,11955
ok,VARIETY STORES,5331,exact,11745
ok,CATALOG MERCHANTS,5964,manual,11007
ok,CABLE  SATELLITE & OTHER PAY TV/RADIO SE,4899,fuzzy,10862
ok,HAMPTON INNS HOTELS,3665,fuzzy,10339
ok,PROFESSIONAL SERVICES NOT ELSEWHERE CLAS,8999,fuzzy,9982
ok,MISCELLANEOUS PUBLISHING & PRINTING,2741,fuzzy,9930
ok,DISCOUNT STORES,5310,exact,9748
ok,AIRLINES  AIR CARRIERS,4511,exact,9491
ok,MISCELLANEOUS AUTOMOTIVE DEALERS,5599,manual,9487
ok,ADVERTISING SERVICES,7311,exact,8746
ok,DURABLE GOODS NOT ELSEWHERE CLASSIFIED,5099,exact,8058
ok,SCHOOLS AND EDUCATIONAL SERVICES NOT ELS,8299,fuzzy,7977
ok,CONTINUITY/SUBSCRIPTION MERCHANTS,5968,manual,7172
ok,ELECTRONIC SALES,5732,exact,6880
ok,NON-DURABLE GOODS NOT ELSEWHERE CLASSIFI,5199,fuzzy,6643
ok,COMPUTERS COMPUTER PERIPHERAL EQUIPMENT,5045,fuzzy,6606
ok,UNITED AIRLINES,3000,exact,6260
ok,COMPUTER AND DATA PROCESSING SERVICES,7372,fuzzy,6173
ok,EQUIP RENTALS & LEASING SERVICES  TOOL R,7394,manual,5957
ok,ALL OTHER DIRECT MARKETERS,5969,manual,5903
ok,COLLEGES  UNIVERSITIES  PROFESSIONAL SCH,8220,fuzzy,5685
ok,DELTA,3058,exact,5669
ok,CONSTRUCTION MATERIALS,5039,fuzzy,5407
ok,TAXICABS/LIMOUSINES,4121,exact,5112
ok,CHEMICALS AND ALLIED PRODUCTS NOT ESLEWH,5169,fuzzy,4924
ok,SPORTING GOODS STORES,5941,exact,4700
ok,BEST WESTERN HOTELS,3502,exact,4465
ok,MEN S WOMENS AND CHILDREN S UNIFORMS AND,5137,manual,4375
ok,SERVICE STATIONS,5541,exact,4118
ok,GLASS  PAINT  WALLPAPER STORES,5231,fuzzy,4114
ok,HARDWARE EQUIPMENT AND SUPPLIES,5072,exact,3922
ok,LARGE DIGITAL GOODS MERCHANT,5818,fuzzy,3754
ok,EMBASSY SUITES,3695,exact,3705
ok,STATIONARY  OFFICE AND SCHOOL SUPPLY STO,5943,fuzzy,3674
ok,HILTON,3504,fuzzy,3532
ok,HOBBY TOY  AND GAME SHOPS,5945,exact,3462
ok,MARRIOTT,3509,fuzzy,3437
ok,COMPUTER NETWORK/INFORMATION SERVICES,4816,fuzzy,3233
ok,DETECTIVE AGENCIES & PROTECTIVE AGENCY A,7393,fuzzy,3161
ok,AUTOMATED FUEL DISPENSERS,5542,exact,3155
ok,DEPARTMENT STORES,5311,exact,3106
ok,MEN S AND WOMEN S CLOTHING STORES,5691,exact,3089
ok,HYATT HOTELS,3640,fuzzy,2955
ok,MEDICAL SERVICES & HEALTH PRACTITIONERS,8099,fuzzy,2955
ok,HILTON GARDEN INN,7011,manual,2905
ok,HOME2 SUITES,3816,fuzzy,2830
ok,CIVIC  SOCIAL AND FRATERNAL ASSOCIATIONS,8641,fuzzy,2759
ok,POSTAGE STAMPS,9402,manual,2711
ok,LUMBER AND BUILDING MATERIALS STORES,5211,exact,2701
ok,COMFORT INNS,3562,exact,2671
ok,MEDICAL AND DENTAL LABORATORIES,8071,exact,2669
ok,PET SHOPS-PET FOOD AND SUPPLY STORES,5995,fuzzy,2628
ok,MISCELLANEOUS PERSONAL SERVICES,7299,fuzzy,2606
ok,HEATING  PLUMBING  AIR CONDITIONING CONT,1711,manual,2544
ok,TOLLS  ROAD AND BRIDGE FEES,4784,fuzzy,2505
ok,FAIRFIELD INN,3715,fuzzy,2449
ok,AUTOMOTIVE TIRE STORES,5532,exact,2435
ok,AUTOMOBILE PARKING LOTS AND GARAGES,7523,exact,2241
ok,QUICK-COPY AND REPRODUCTION SERVICES,7338,fuzzy,2223
ok,BOOKS PERIODICALS AND NEWSPAPERS,5192,exact,2220
ok,LA QUINTA INN AND SUITES,7011,manual,2207
ok,AUTO AND TRUCK DEALERS-(NEW&USED)-SALES,5511,fuzzy,2147
ok,NURSERIES  LAWN AND GARDEN SUPPLY STORES,5261,exact,2146
ok,TESTING LABORATORIES (NON-MEDICAL),8734,exact,2141
ok,DISINFECTING AND EXTERMINATING SERVICES,7342,fuzzy,2133
ok,WHOLESALE CLUBS,5300,exact,2108
ok,SHOE STORES,5661,exact,2071
ok,COMMERCIAL PHOTOGRAPHY  ART  AND GRAPHIC,7333,fuzzy,2004
ok,COURTYARD INNS,7011,manual,1954
ok,SPECIAL TRADE CONTRACTORS,1799,exact,1887
ok,MANAGEMENT  CONSULTING AND PUBLIC RELATI,7392,fuzzy,1854
ok,AUTOMOTIVE REPAIR SHOPS (NON-DEALER),7531,fuzzy,1841
ok,EMPLOYMENT AGENCIES  TEMPORARY HELP SUPP,7361,fuzzy,1821
ok,MISC FOOD STORES-SPECIALITY CONVENIENCE,5499,manual,1686
ok,DRUGS DRUG PROPRIETARIES AND DRUGGIST S,5122,fuzzy,1652
ok,DIGITAL GOODS - APPS (EXCLUDES GAMES),5816,fuzzy,1642
ok,SHERATON,3503,fuzzy,1640
ok,SPRINGHILL SUITES,7011,manual,1591
ok,DOUBLETREE,3692,fuzzy,1581
ok,COMBINATION CATALOG AND RETAIL MERCHANT,5965,fuzzy,1468
ok,DIGITAL GOODS - MEDIA BOOKS MOVIES MUSIC,5815,exact,1447
ok,ENTERPRISE RENT-A-CAR,3405,exact,1420
ok,OFFICE  PHOTOGRAPHIC  PHOTOCOPY  AND MIC,5044,fuzzy,1399
ok,DRUG STORES  PHARMACIES,5912,fuzzy,1395
ok,RESIDENCE INN,3703,fuzzy,1324
ok,TELECOMMUNICATION EQUIPMENT INCLUDING TE,4812,manual,1265
ok,STAYBRIDGE SUITES,7011,manual,1252
ok,GENERAL CONTRACTORS-RESIDENTIAL,1520,fuzzy,1252
ok,CATERERS,5811,exact,1232
ok,AGRICULTURAL COOPERATIVES,763,fuzzy,1123
ok,PHOTOGRAPHIC STUDIOS,7221,exact,1100
ok,MUSIC STORES-MUSICAL INSTRUMENTS  PIANOS,5733,fuzzy,1066
ok,FUEL DEALERS-FUEL OIL  WOOD  COAL  LIQUE,5983,manual,1060
ok,PUBLIC WAREHOUSING-FARM PROD REFRIDGERAT,4225,fuzzy,1058
ok,MISCELLENEOUS APPAREL AND ACCESSORY STOR,5699,fuzzy,1041
ok,SPECIALITY CLEANING POLISHING & SANITATI,2842,manual,992
ok,DRY CLEANERS,7216,exact,987
ok,TYPESETTING PLATE MAKING & RELATED SERVI,2791,fuzzy,929
ok,LANDSCAPE AND HORTICULTURAL SERVICES,780,fuzzy,902
ok,ELECTRICAL CONTRACTORS,1731,exact,898
ok,HOMEWOOD SUITES,3751,exact,897
ok,VETERINARY SERVICES,742,exact,843
ok,FURNITURE  HOME FURNISHINGS AND EQUIPMEN,5712,manual,842
ok,ARTIST SUPPLY STORES  CRAFT SHOPS,5970,manual,838
ok,HOUSEHOLD APPLIANCE STORES,5722,exact,833
ok,WESTIN,3513,fuzzy,827
ok,RENAISSANCE HOTELS,3530,exact,827
ok,PAINTS VARNISHES AND SUPPLIES,5198,exact,820
ok,WYNDHAM,3722,fuzzy,770
ok,BAKERIES,5462,exact,743
ok,THEATRICAL PRODUCERS (EXCEPT MOTION PICT,7922,fuzzy,742
ok,FAMILY CLOTHING STORES,5651,exact,724
ok,MOTOR FREIGHT CARRIERS  TRUCK-LOCAL/LONG,4214,fuzzy,723
ok,AMUSEMENT RECREATION SERVICES (SWIMMING,7999,manual,710
ok,HYATT PLACE,7011,manual,677
ok,QUALITY INNS,3508,exact,672
ok,GAYLORD OPRYLAND,7011,manual,666
ok,GIFT  CARD  NOVELTY  AND SOUVENIR SHOPS,5947,exact,652
ok,TAX PAYMENTS,9311,exact,648
ok,SEWING  NEEDLEWORK  FABRIC AND PIECE GOO,5949,fuzzy,642
ok,STENOGRAPHIC SERVICES,7339,fuzzy,621
ok,TOURIST ATTRACTIONS AND EXHIBITS,7991,exact,607
ok,NATIONAL CAR RENTAL,3393,exact,604
ok,TRANSPORTATION SERVICES NOT ELSEWHERE CL,4789,fuzzy,601
ok,CANDLEWOOD SUITES,7011,manual,595
ok,CLEANING AND MAINTENANCE  JANITORIAL SER,7349,fuzzy,593
ok,MISCELLANEOUS REPAIR SHOPS AND RELATED S,7699,fuzzy,584
ok,VOCATIONAL AND TRADE SCHOOLS,8249,fuzzy,576
ok,ALASKA AIRLINES INC.,3003,fuzzy,575
ok,METAL SERVICE CENTERS AND OFFICES,5051,exact,563
ok,CONTRACTORS  CONCRETE WORK,1771,exact,557
ok,OMNI HOTELS,3592,exact,554
ok,MISCELLANEOUS HOUSE FURNISHING SPECIALIT,5719,manual,520
ok,COMMERCIAL FURNITURE,5021,fuzzy,516
ok,ALOFT,7011,manual,511
ok,SPORTS APPAREL  RIDING APPAREL STORES,5655,exact,486
ok,FLOOR COVERING  RUG AND CARPET STORES,5713,fuzzy,470
ok,DRINKING PLACES (ALCOHOLIC BEV.)-BARS TA,5813,fuzzy,465
ok,FLORISTS,5992,exact,462
ok,SLEEP INN,7011,manual,460
ok,RECREATIONAL AND UTILITY TRAILER  CAMPER,5561,fuzzy,452
ok,MEMBERSHIP CLUBS (SPORTS RECREATION ATHL,7997,fuzzy,442
ok,LOCAL SUBURBAN COMMUTER PASSENGER TRANSP,4111,fuzzy,371
ok,FLORISTS SUPPLIES NURSERY STOCK & FLOWER,5992,fuzzy,368
ok,MOTOR VEHICLE SUPPLIES AND NEW PARTS,5013,exact,366
ok,INSURANCE-SALES & UNDERWRITING,6300,fuzzy,356
ok,MOTORCYCLE DEALERS,5571,exact,350
ok,ELECTRICAL AND SMALL APPLIANCE REPAIR SH,7629,fuzzy,344
ok,TRUCK AND UTILITY TRAILER RENTAL,7513,fuzzy,342
ok,COUNTRY INN BY CARLSON,7011,manual,341
ok,RECORD SHOPS,5735,exact,339
ok,LEGAL SERVICES  ATTORNEYS,8111,exact,329
ok,BANDS  ORCHESTRAS  ENTERTAINERS,7929,fuzzy,329
ok,COMM. SPORTS  PROF. SPORTS CLUBS ATHLETI,7941,manual,325
ok,CAMERA AND PHOTOGRAPHIC SUPPLY STORES,5946,exact,320
ok,WELDING,7692,fuzzy,318
ok,ENGINEERING  ARCHITECTURAL AND SURVEYING,8911,fuzzy,307
ok,ROOFING & SIDING  SHEET METAL WORK,1761,fuzzy,292
ok,CROWNE PLAZA HOTELS,3750,exact,287
ok,DAYS INNS,3510,fuzzy,276
ok,CAR WASHES,7542,exact,268
ok,BUS LINES  CHARTERS  TOUR BUSES,4131,fuzzy,262
ok,SWIMMING POOLS-SALES AND SUPPLIES,5996,fuzzy,249
ok,DOCTORS  PHYSICIANS,8011,fuzzy,245
ok,INFORMATION RETRIEVAL SERVICES,7375,exact,242
ok,MARRIOT/TOWNPLACE SUITES,3740,fuzzy,238
ok,LOEWS HOTELS,3654,exact,237
ok,MOTION PICTURE THEATERS,7832,exact,232
ok,MOTION PICTURE & VIDEO TAPE PRODUCTION &,7829,fuzzy,228
ok,MARINAS  MARINE SERVICE/SUPPLIES,4468,fuzzy,228
ok,SUPER 8 MOTELS,7011,manual,227
ok,PASSENGER RAILWAYS,4112,exact,220
ok,PIECE GOOD NOTIONS AND OTHER DRY GOODS,5131,fuzzy,214
ok,GOLF COURSES-PUBLIC,7992,exact,209
ok,HOTEL INDIGO,7011,manual,202
ok,MASONRY STONEWORK TILE SETTING PLASTERIN,1740,manual,201
ok,DRURY INN,3693,fuzzy,201
ok,SONESTA HOTELS,3591,exact,199
ok,TOWING SERVICES,7549,exact,196
ok,NEWS DEALERS AND NEWSSTANDS,5994,exact,196
ok,ORTHOPEDIC GOODS-ARTIFICIAL LIMB STORES,5976,manual,195
ok,SPORTING AND RECREATIONAL CAMPS,7032,exact,185
ok,AUTOGRAPH,7011,manual,181
ok,ACCOUNTING  AUDITING AND BOOKKEEPING SER,8931,fuzzy,178
ok,MICROTEL INN AND SUITES,7011,manual,170
ok,COMPUTER MAINTENANCE REPAIR & SERVICES N,7379,fuzzy,170
ok,DELTA HOTELS,3058,fuzzy,160
ok,AUTOMOTIVE BODY REPAIR SHOPS,7531,exact,159
ok,PARIS LAS VEGAS HOTEL,7011,manual,158
ok,PETROLEUM AND PETROLEUM PRODUCTS,5172,exact,151
ok,INTERCONTINENTAL HOTELS,7011,manual,148
ok,COSMETIC STORES,5977,exact,141
ok,PACKAGE STORES  BEER  LIQUOR,5921,fuzzy,137
ok,FOUR POINTS HOTELS,7011,manual,136
ok,TIRE RETREADING AND REPAIR SHOPS,7534,fuzzy,135
ok,REAL ESTATE AGENTS AND MANAGERS-RENTALS,6513,exact,132
ok,LAUNDRY  CLEANING  AND GARMENT SERVICES,7210,exact,132
ok,JEWELRY STORES-WATCHES  CLOCKES  AND SIL,5944,fuzzy,130
ok,AMUSEMENT PARKS  CIRCUSES  CARNIVALS  FO,7996,fuzzy,130
ok,OPTICIANS,8043,fuzzy,129
ok,HEARING AID SALES  SERVICE  SUPPLY STORE,5975,fuzzy,122
ok,CAESARS HOTEL AND CASINO,7011,manual,121
ok,OPTOMETRISTS  OPTHAMOLOGISTS,8042,fuzzy,118
ok,PHOTOFINISHING LABORATORIES  PHOTO DEVEL,7395,fuzzy,118
ok,BUSINESS AND SECRETARIAL SCHOOLS,8244,exact,117
ok,LAUNDRIES SERVICES-FAMILY AND COMMERCIAL,7211,fuzzy,117
ok,BOWLING ALLEYS,7933,exact,116
ok,FREEZER AND LOCKER MEAT PROVISIONERS,5422,exact,116
ok,BOAT DEALERS,5551,exact,115
ok,MERIDIEN HOTELS,3520,exact,111
ok,RADIO  TELEVISION AND STEREO REPAIR SHOP,7622,manual,110
ok,DIGITAL GOODS - GAMES,5816,exact,109
ok,BUDGET RENT-A-CAR,3366,exact,105
ok,AMBULANCE SERVICES,4119,exact,100
ok,ELEMENTARY AND SECONDARY SCHOOLS,8211,exact,97
ok,ART DEALERS AND GALLERIES,5971,exact,96
ok,AIR CONDITIONING AND REFRIGERATION REPAI,7623,fuzzy,95
ok,HARRAH S HOTELS AND CASINOS,3731,exact,94
ok,BRITSH AIRWAYS - BRITISH A,3005,fuzzy,93
ok,WINDOW COVERING  UPHOLSTERY AND DRAPERY,5714,fuzzy,93
ok,FAIRFIELD HOTELS,3697,fuzzy,91
ok,GAYLORD PALMS,7011,manual,89
ok,BEAUTY SHOPS AND BARBER SHOPS,7230,fuzzy,86
ok,CURIO HOTELS,7011,manual,84
ok,PRECIOUS STONES AND METALS  WATCHES & JE,5094,fuzzy,81
ok,QATAR AIRWAYS,4511,manual,80
ok,AVIS RENT-A-CAR,3389,exact,79
ok,HOSPITALS,8062,exact,78
ok,HERTZ CORPORATION,7512,manual,77
ok,CAR RENTAL AGENCIES NOT ELSEWHERE CLASSI,3355,fuzzy,77
ok,WOMEN S ACCESSORY AND SPECIALITY SHOPS,5631,fuzzy,75
ok,MEN S AND BOYS  CLOTHING AND ACCESSORIES,5611,fuzzy,75
ok,AIR CANADA - AIR CAN,3009,fuzzy,74
ok,MOTEL 6,3700,exact,73
ok,FAIRMONT HOTELS CORP.,3590,fuzzy,71
ok,WOMEN S READY TO WEAR STORES,5621,exact,70
ok,ROSEN HOTELS & RESORTS,7011,manual,70
ok,EXTENDED STAY,7011,manual,70
ok,CANDY  NUT CONFECTIONERY STORES,5441,fuzzy,69
ok,USED MERCHANDISE STORES  SECOND HAND STO,5931,manual,67
ok,CHILD CARE SERVICES,8351,exact,66
ok,VIDEO RENTAL STORES,7841,fuzzy,66
ok,THE RITZ-CARLTON,3710,fuzzy,64
ok,DISNEY RESORTS,7011,manual,62
ok,CARPET AND UPHOLSTERY CLEANING,7217,exact,61
ok,SWISSOTEL,3634,exact,60
ok,LUFTHANSA,3008,exact,59
ok,RADISSON,3649,fuzzy,59
ok,FRONTIER AIRLINES - FRONTIER,3003,fuzzy,59
ok,AEROMEXICO,3076,exact,59
ok,RAMADA INNS,3637,exact,59
ok,FINES,9222,exact,54
ok,TAILORS  SEAMSTRESS  MENDING  ALTERATION,5697,fuzzy,53
ok,LUXOR HOTEL AND CASINO,7011,manual,52
ok,AMERICINN,7011,manual,52
ok,MANDALAY BAY RESORT,7011,manual,52
ok,BAYMONT INN & SUITES,7011,manual,51
ok,BALLY S HOTEL AND CASINO,3728,exact,51
ok,LUGGAGE AND LEATHER GOODS STORES,5948,exact,50
ok,EMBASSY HOTELS,3652,exact,48
ok,VIDEO GAME ARCADES/ESTABLISHMENTS,7994,exact,47
ok,FLAMINGO HOTELS,7011,manual,47
ok,ELEMENT,7011,manual,45
ok,AIRPORTS  FLYING FIELDS  AIRPORT TERMINA,4582,fuzzy,44
ok,CARPENTRY,1750,fuzzy,44
ok,COSMOPOLITAN OF LAS VEGAS,7011,manual,43
ok,RADISSON BLU,7011,manual,42
ok,QANTAS AIR,3012,fuzzy,42
ok,PEPPERMILL HOTEL CASINO,7011,manual,42
ok,COMMERCIAL FOOTWEAR,5139,exact,41
ok,HAWAIIAN AIR,3196,exact,41
ok,COURT COSTS INCLUDING ALIMONY AND CHILD,9211,fuzzy,41
ok,VENETIAN RESORT HOTEL AND CASINO,7011,manual,39
ok,CLOTHING RENTAL-COSTUMES/UNIFORMS,7296,fuzzy,38
ok,GOLDEN NUGGET,7011,manual,37
ok,MARKETPLACES,5964,manual,37
ok,ASIANA AIRLINES - ASIANA,3003,fuzzy,36
ok,DENTISTS  ORTHODONTISTS,8021,exact,35
ok,HILTON INTERNATIONAL,3535,exact,35
ok,AIR FRANCE,3007,exact,35
ok,DANCE HALLS  STUDIOS  AND SCHOOLS,7911,exact,33
ok,MAINSTAY SUITES,7011,manual,33
ok,RODEWAY INNS,3515,exact,33
ok,RELIGIOUS ORGANIZATIONS,8661,exact,33
ok,KOREAN AIRLINES,3082,exact,32
ok,BICYCLE SHOPS-SALES AND SERVICE,5940,exact,32
ok,TURKISH AIRLINES,3003,fuzzy,32
ok,CHIROPRACTORS,8041,exact,32
ok,WALDORF,7011,manual,31
ok,AQUARIUMS  SEAQUARIUMS AND DOLPHINARIUMS,7998,fuzzy,31
ok,STEAMSHIP/CRUISE LINES,4411,fuzzy,30
ok,HEALTH AND BEAUTY SPAS,7298,exact,30
ok,TREASURE ISLAND HOTEL AND CASINO,7011,manual,29
ok,DIRECT MARKETING INSURANCE SERVICES,5960,exact,29
ok,CLARION HOTEL,3687,fuzzy,28
ok,ETHIOPIAN AIRLINES,3294,exact,27
ok,MGM GRAND HOTEL,3730,exact,27
ok,CATHAY PACIFIC,3099,exact,26
ok,NEW YORK-NEW YORK HOTEL + CASINO,7011,manual,25
ok,AIR INDIA,3020,exact,25
ok,COUNSELING SERVICE-DEBT  MARRIAGE  PERSO,7277,fuzzy,24
ok,WRECKING AND SALVAGE YARDS,5935,exact,24
ok,HARVEY BRISTOL HOTELS,3734,exact,23
ok,JAPAN AIR LINES,3006,fuzzy,23
ok,ECONOLODGES,3644,fuzzy,23
ok,BELLAGIO,7011,manual,23
ok,CHILDREN S AND INFANT S WEAR STORES,5641,exact,23
ok,FONTAINEBLEAU RESORTS,7011,manual,23
ok,GREAT WOLF,7011,manual,22
ok,FIREPLACE  FIREPLACE SCREENS  AND ACCESS,5718,manual,21
ok,ANTIQUE SHOPS,5932,exact,21
ok,TRAVELODGE,3615,exact,21
ok,ALAMO RENT-A-CAR,3387,exact,21
ok,CIGAR STORES AND STANDS,5993,exact,19
ok,DAIRY PRODUCTS STORES,5451,exact,19
ok,TRAILER PARKS AND CAMPGROUNDS,7033,fuzzy,17
ok,LAN AIRLINES-LANAIR,3003,fuzzy,17
ok,RAILROADS - FREIGHT,4011,fuzzy,17
ok,FUNERAL SERVICE AND CREMATORIES,7261,exact,17
ok,RELIGIOUS GOODS STORES,5973,exact,17
ok,AMERICAS BEST VALUE INN,7011,manual,16
ok,CANOPY,7011,manual,16
ok,LA QUINTA RESORT,7011,manual,15
ok,VDARA,7011,manual,15
ok,AUTOMOBILE AND TRUCK DEALERS- (USED ONLY,5521,exact,14
ok,NURSING AND PERSONAL CARE FACILITIES,8050,exact,14
ok,AER LINGUS,3043,exact,14
ok,FOUR SEASONS HOTELS,3543,exact,13
ok,SOFITEL HOTELS,3641,exact,13
ok,SHOE REPAIR SHOPS  SHOE SHINE PARLORS &,7251,fuzzy,13
ok,TACA INTERNATIONAL,3127,exact,12
ok,THRIFTY RENT-A-CAR,3395,exact,12
ok,GARUDA AIR (INDONESIA),3103,fuzzy,12
ok,EMIRATES AIRLINES,3003,fuzzy,12
ok,W HOTELS,7011,manual,12
ok,GLASSWARE AND CRYSTAL STORES,5950,fuzzy,11
ok,WESTJETAIR,4511,manual,11
ok,AUTOMOTIVE PAINT SHOPS,7535,fuzzy,11
ok,CORRESPONDENCE SCHOOLS,8241,exact,11
ok,BEAU RIVAGE HOTEL AND CASINO,7011,manual,10
ok,LOT (POLISH AIRLINES),3003,fuzzy,10
ok,SPIRIT AIRLINES,3003,fuzzy,10
ok,RED LION HOTELS,3528,exact,10
ok,MIRAGE HOTEL AND CASINO,7011,manual,10
ok,KLM,3010,fuzzy,10
ok,FINNAIR,3042,exact,10
ok,RED ROOF INNS,3650,fuzzy,10
ok,SCANDINAVIAN AIRLINE SYSTEM (SAS),3016,fuzzy,10
ok,IBERIA,3102,exact,10
ok,MASSAGE PARLORS,7297,exact,10
ok,KENYA AIRWAYS,4511,manual,10
ok,JETBLUE AIRLINES,3003,fuzzy,9
ok,HOWARD JOHNSON,3638,fuzzy,9
ok,HAWTHORNE BY WYNDHAM,7011,manual,9
ok,REUPHOLSTERY AND FURNITURE REPAIR  FURNI,7641,manual,9
ok,SIXT CAR RENTAL,3355,fuzzy,9
ok,SMUGGLERS  NOTCH RESORT,7011,manual,8
ok,WIRE TRANSFER MONEY ORDERS,4829,fuzzy,8
ok,AUTOMOBILE ASSOCIATIONS,8675,exact,8
ok,AIR NEW ZEALAND LTD. INTERNATIONAL,3025,fuzzy,7
ok,EXTENDED STAY AMERICA,7011,manual,7
ok,COAST HOTELS,3552,exact,6
ok,TENT AND AWNING SHOPS,5998,exact,6
ok,BAIL AND BOND PAYMENTS,9223,exact,6
ok,MONTE CARLO HOTEL AND CASINO,7011,manual,6
ok,ST REGIS HOTEL,3745,exact,6
ok,SILVER LEGACY HOTEL AND CASINO,7011,manual,6
ok,DOLLAR RENT-A-CAR,3390,exact,5
ok,THAI AIRWAYS,3077,exact,5
ok,AIR CHINA,3261,exact,5
ok,VIRGIN ATLANTIC,3144,exact,5
ok,TAP AIRLINE (PORTUGAL),3035,fuzzy,5
ok,EVA AIRLINES,3084,exact,5
ok,BILLIARD AND POOL ESTABLISHMENTS,7932,exact,5
ok,EXCALIBUR HOTEL AND CASINO,7011,manual,5
ok,AVIANCA,3039,exact,4
ok,SAM S TOWN HOTEL AND CASINO,7011,manual,4
ok,RYANAIR,4511,manual,4
ok,BOAT RENTALS AND LEASE,4457,fuzzy,4
ok,THE PALACE HOTEL,7011,manual,4
ok,AUSTRIAN AIRLINES,3051,exact,4
ok,PRINCE HOTELS,3626,exact,4
ok,PAWN SHOPS,5933,exact,4
ok,ICELANDAIR,3050,exact,4
ok,CONSUMER CREDIT REPORTING AGENCIES,7321,exact,4
ok,TAX PREPARATION SERVICE,7276,exact,4
ok,STAMP & COIN STORES-PHILATELIC & NUMISMA,5972,manual,4
ok,KNIGHTS INN,3660,fuzzy,4
ok,EL AL,3032,exact,4
ok,POLITICAL ORGANIZATIONS,8651,exact,4
ok,ITA AIRWAYS,4511,manual,3
ok,CHIROPODISTS  PODIATRISTS,8049,exact,3
ok,SANDMAN HOTELS,3573,exact,3
ok,BUYING/SHOPPING SERVICES  CLUBS,7278,exact,3
ok,SAUDI ARABIAN AIRLINES,3003,fuzzy,3
ok,AEROLINEAS ARGENTINAS,3030,exact,3
ok,CHINA AIRLINES,3078,exact,3
ok,SINGAPORE AIRLINES,3075,exact,3
ok,SWISS,4511,manual,3
ok,PAYLESS CAR RENTAL,3359,exact,2
ok,INBOUND TELESERVICES MERCHANTS,5967,manual,2
ok,HOTEL IBIS,3533,exact,2
ok,SNOWMOBILE DEALERS,5598,exact,2
ok,ANTIQUE REPRODUCTION STORES,5937,manual,2
ok,OSTEOPATHIC PHYSICIANS,8031,manual,2
ok,NORWEGIAN AIR SHUTTLE - NORWEGIAN,4511,manual,2
ok,PREMIER INN,7011,manual,2
ok,COMPANIA PANAMENA DE AVIACION (COPA),3219,fuzzy,2
ok,BUDGET HOST INNS,3684,exact,2
ok,JETSTAR AIRLINES,3003,fuzzy,2
ok,SN BRUSSELS AIRLINES - SNBRU AIR,3003,fuzzy,2
ok,ARIA,7011,manual,2
ok,BILTMORE HOTEL AND SUITES,3743,exact,2
ok,HILTON CONRAD,3721,exact,2
ok,KUWAIT AIRWAYS,4511,manual,2
ok,WIDEROE S FLYVESELSKAP,3299,fuzzy,1
ok,WATCH  CLOCK AND JEWELRY REPAIR,7631,exact,1
ok,CHINA EASTERN AIRLINES - CHINAEAST,3003,fuzzy,1
ok,HOTEL MERCURE,3579,exact,1
ok,ALA MOANA HOTEL,7011,manual,1
ok,TIMESHARES,7012,exact,1
ok,KIMPTON HOTELS,7011,manual,1
ok,ETIHADAIR,4511,manual,1
ok,DORINT HOTELS,3623,exact,1
ok,MILLENNIUM HOTELS,7011,manual,1
ok,DIRECT SELLING ESTABLISHMENTS  DOOR TO D,5963,manual,1
ok,MIYAKO HOTEL,3572,fuzzy,1
ok,CHINA SOUTHERN,4511,manual,1
ok,PAL AIR,4511,manual,1
ok,HOTEL UNIVERSALE,3625,fuzzy,1
