osm_key,osm_value,category
shop,supermarket,groceries
shop,convenience,groceries
shop,greengrocer,groceries
shop,bakery,groceries
shop,butcher,groceries
shop,deli,groceries
shop,frozen_food,groceries
shop,health_food,groceries
shop,alcohol,groceries
shop,beverages,groceries
shop,wholesale,retail
amenity,restaurant,restaurants
amenity,fast_food,restaurants
amenity,cafe,restaurants
amenity,bar,restaurants
amenity,pub,restaurants
amenity,ice_cream,restaurants
amenity,food_court,restaurants
shop,coffee,restaurants
shop,department_store,retail
shop,variety_store,retail
shop,clothes,retail
shop,shoes,retail
shop,jewelry,retail
shop,furniture,retail
shop,houseware,retail
shop,gift,retail
shop,toys,entertainment_media
shop,sports,entertainment_media
shop,books,retail
shop,music,entertainment_media
shop,video_games,entertainment_media
shop,pet,retail
shop,florist,retail
shop,cosmetics,retail
shop,beauty,professional_services
shop,hairdresser,professional_services
shop,massage,health
shop,stationery,office_supplies
shop,copyshop,office_supplies
shop,printing,office_supplies
shop,computer,software_electronics
shop,electronics,software_electronics
shop,mobile_phone,telecom_utilities
shop,telecommunication,telecom_utilities
shop,hardware,industrial_hardware
shop,doityourself,industrial_hardware
shop,paint,industrial_hardware
shop,trade,industrial_hardware
shop,garden_centre,industrial_hardware
shop,car,transport_auto_fuel
shop,car_parts,transport_auto_fuel
shop,car_repair,transport_auto_fuel
shop,tyres,transport_auto_fuel
shop,fuel,transport_auto_fuel
amenity,fuel,transport_auto_fuel
amenity,car_rental,transport_auto_fuel
amenity,car_wash,transport_auto_fuel
amenity,parking,transport_auto_fuel
amenity,charging_station,transport_auto_fuel
tourism,hotel,lodging
tourism,motel,lodging
tourism,hostel,lodging
tourism,guest_house,lodging
amenity,pharmacy,health
shop,chemist,health
shop,optician,health
shop,medical_supply,health
shop,hearing_aids,health
amenity,clinic,health
amenity,dentist,health
amenity,doctors,health
amenity,hospital,health
amenity,veterinary,professional_services
healthcare,laboratory,health
amenity,bank,financial_postal_shipping
amenity,atm,financial_postal_shipping
amenity,money_transfer,financial_postal_shipping
office,insurance,financial_postal_shipping
office,financial,financial_postal_shipping
amenity,post_office,financial_postal_shipping
amenity,cinema,entertainment_media
amenity,theatre,entertainment_media
leisure,fitness_centre,entertainment_media
leisure,bowling_alley,entertainment_media
leisure,amusement_arcade,entertainment_media
amenity,gym,entertainment_media
shop,dry_cleaning,professional_services
shop,laundry,professional_services
shop,tailor,professional_services
shop,funeral_directors,professional_services
office,accountant,professional_services
office,lawyer,professional_services
office,estate_agent,financial_postal_shipping
office,employment_agency,professional_services
office,telecommunication,telecom_utilities
office,energy_supplier,telecom_utilities
amenity,school,education_gov_membership
amenity,college,education_gov_membership
amenity,university,education_gov_membership
amenity,childcare,education_gov_membership
amenity,kindergarten,education_gov_membership
amenity,language_school,education_gov_membership
amenity,driving_school,education_gov_membership
amenity,library,education_gov_membership
shop,office_supplies,office_supplies
