table,backbone,metric,per_seed_values,n_distinct,spread_pp,boot_lo,boot_mean,boot_hi,boot_width_pp,n_resamples
T9,sentence-transformers/all-MiniLM-L6-v2,f1_overall,"0.845826, 0.845782, 0.845921, 0.845885, 0.845798",5,0.0139,0.8458,0.845842,0.845889,0.0089,2000
T9,sentence-transformers/all-MiniLM-L6-v2,f1_head,"0.931938, 0.931938, 0.931938, 0.931938, 0.931985",2,0.0047,0.931938,0.931947,0.931966,0.0028,2000
T9,sentence-transformers/all-MiniLM-L6-v2,f1_tail,"0.632832, 0.632780, 0.633236, 0.633216, 0.632993",5,0.0456,0.632844,0.633011,0.633179,0.0336,2000
T9,sentence-transformers/all-MiniLM-L6-v2,acc_tail,"0.689006, 0.688906, 0.689357, 0.689408, 0.689056",5,0.0502,0.688976,0.689147,0.689317,0.0341,2000
T4,sentence-transformers/all-MiniLM-L6-v2,f1_overall,"0.806581, 0.806629, 0.806629, 0.806650, 0.806783",5,0.0202,0.806609,0.806654,0.806722,0.0113,2000
T4,sentence-transformers/all-MiniLM-L6-v2,f1_head,"0.952414, 0.952414, 0.952414, 0.952414, 0.952414",1,0.0,0.952414,0.952414,0.952414,0.0,2000
T4,sentence-transformers/all-MiniLM-L6-v2,f1_tail,"0.606986, 0.607146, 0.607176, 0.607188, 0.607438",5,0.0452,0.607067,0.607187,0.60733,0.0263,2000
T9,BAAI/bge-small-en-v1.5,f1_overall,"0.851126, 0.850979, 0.851123, 0.851051, 0.851057",5,0.0147,0.851023,0.851067,0.851111,0.0088,2000
T9,BAAI/bge-small-en-v1.5,f1_head,"0.931980, 0.931980, 0.931888, 0.931980, 0.931980",2,0.0091,0.931925,0.931961,0.93198,0.0055,2000
T9,BAAI/bge-small-en-v1.5,f1_tail,"0.634038, 0.633549, 0.633935, 0.633906, 0.633904",5,0.0488,0.633698,0.633866,0.633985,0.0287,2000
T9,BAAI/bge-small-en-v1.5,acc_tail,"0.694930, 0.694578, 0.694880, 0.694829, 0.694779",5,0.0351,0.694689,0.694799,0.69489,0.0201,2000
T4,BAAI/bge-small-en-v1.5,f1_overall,"0.820558, 0.820135, 0.819877, 0.820287, 0.820445",5,0.0682,0.820062,0.82026,0.820474,0.0412,2000
T4,BAAI/bge-small-en-v1.5,f1_head,"0.952531, 0.952531, 0.951934, 0.952531, 0.952531",2,0.0597,0.952173,0.952411,0.952531,0.0358,2000
T4,BAAI/bge-small-en-v1.5,f1_tail,"0.637795, 0.636525, 0.636369, 0.637228, 0.637332",5,0.1426,0.636603,0.63705,0.637541,0.0938,2000
T9,sentence-transformers/all-mpnet-base-v2,f1_overall,"0.850946, 0.850718, 0.850038, 0.850987, 0.850662",5,0.0949,0.850353,0.85067,0.850917,0.0564,2000
T9,sentence-transformers/all-mpnet-base-v2,f1_head,"0.931951, 0.931757, 0.930977, 0.931951, 0.931641",4,0.0974,0.931304,0.931655,0.931912,0.0607,2000
T9,sentence-transformers/all-mpnet-base-v2,f1_tail,"0.639605, 0.639183, 0.638557, 0.639521, 0.639262",5,0.1047,0.638891,0.639225,0.639504,0.0613,2000
T9,sentence-transformers/all-mpnet-base-v2,acc_tail,"0.692269, 0.692018, 0.691767, 0.692369, 0.692219",5,0.0602,0.691938,0.692129,0.692299,0.0361,2000
T9,ProsusAI/finbert,f1_overall,"0.817233, 0.817233, 0.817233, 0.817232, 0.817239",3,0.0007,0.817232,0.817234,0.817236,0.0004,2000
T9,ProsusAI/finbert,f1_head,"0.932517, 0.932517, 0.932517, 0.932517, 0.932517",1,0.0,0.932517,0.932517,0.932517,0.0,2000
T9,ProsusAI/finbert,f1_tail,"0.537018, 0.537018, 0.537018, 0.537025, 0.537006",3,0.0019,0.537011,0.537017,0.537022,0.0011,2000
T9,ProsusAI/finbert,acc_tail,"0.593122, 0.593122, 0.593122, 0.593122, 0.593122",1,0.0,0.593122,0.593122,0.593122,0.0,2000
T9,text-embedding-3-small,f1_overall,"0.851547, 0.851607, 0.851596, 0.851583, 0.851486",5,0.0122,0.851522,0.851564,0.851597,0.0075,2000
T9,text-embedding-3-small,f1_head,"0.932052, 0.932052, 0.932052, 0.932052, 0.932052",1,0.0,0.932052,0.932052,0.932052,0.0,2000
T9,text-embedding-3-small,f1_tail,"0.643596, 0.643602, 0.643709, 0.643622, 0.643467",5,0.0242,0.643524,0.643599,0.643665,0.0141,2000
T9,text-embedding-3-small,acc_tail,"0.715412, 0.715110, 0.715261, 0.715261, 0.715261",3,0.0301,0.715171,0.715261,0.715351,0.0181,2000
T4,text-embedding-3-small,f1_overall,"0.821625, 0.821715, 0.821625, 0.821482, 0.821625",3,0.0233,0.821539,0.821615,0.821679,0.014,2000
T4,text-embedding-3-small,f1_head,"0.952414, 0.952414, 0.952414, 0.952414, 0.952414",1,0.0,0.952414,0.952414,0.952414,0.0,2000
T4,text-embedding-3-small,f1_tail,"0.643468, 0.643704, 0.643468, 0.643368, 0.643468",3,0.0335,0.643408,0.643495,0.643609,0.0201,2000
