table,backbone,seed,f1_overall,f1_head,f1_tail,acc_tail
T9,sentence-transformers/all-MiniLM-L6-v2,42,0.8458257247880074,0.9319377075814613,0.6328321578875614,0.6890060240963856
T4,sentence-transformers/all-MiniLM-L6-v2,42,0.8065810607797127,0.9524143758242277,0.6069864916893712,
T9,sentence-transformers/all-MiniLM-L6-v2,43,0.8457820337322434,0.9319377075814613,0.6327801767519124,0.6889056224899598
T4,sentence-transformers/all-MiniLM-L6-v2,43,0.8066285310167409,0.9524143758242277,0.6071461044513434,
T9,sentence-transformers/all-MiniLM-L6-v2,44,0.8459206565428906,0.9319377075814613,0.6332358376949604,0.6893574297188755
T4,sentence-transformers/all-MiniLM-L6-v2,44,0.80662889112831,0.9524143758242277,0.6071762199046383,
T9,sentence-transformers/all-MiniLM-L6-v2,45,0.8458853840994098,0.9319377075814613,0.633215669845952,0.6894076305220883
T4,sentence-transformers/all-MiniLM-L6-v2,45,0.8066499755481698,0.9524143758242277,0.6071875673553145,
T9,sentence-transformers/all-MiniLM-L6-v2,46,0.8457982329090917,0.9319846908980028,0.6329932249624655,0.6890562248995984
T4,sentence-transformers/all-MiniLM-L6-v2,46,0.8067834207755552,0.9524143758242277,0.6074381599646677,
T9,BAAI/bge-small-en-v1.5,42,0.85112647034955,0.9319796225243828,0.6340376335673533,0.694929718875502
T4,BAAI/bge-small-en-v1.5,42,0.8205584487258601,0.9525305283683695,0.6377946647628054,
T9,BAAI/bge-small-en-v1.5,43,0.8509792925889654,0.9319796225243828,0.6335492691054778,0.694578313253012
T4,BAAI/bge-small-en-v1.5,43,0.8201345612961884,0.9525305283683695,0.6365246261464838,
T9,BAAI/bge-small-en-v1.5,44,0.8511226472966433,0.9318884053309914,0.6339350776682491,0.6948795180722892
T4,BAAI/bge-small-en-v1.5,44,0.8198768502717827,0.951933938716554,0.6363689551453741,
T9,BAAI/bge-small-en-v1.5,45,0.8510509324018435,0.9319796225243828,0.6339057377581183,0.6948293172690763
T4,BAAI/bge-small-en-v1.5,45,0.8202870521999868,0.9525305283683695,0.6372278953736937,
T9,BAAI/bge-small-en-v1.5,46,0.8510570789750935,0.9319796225243828,0.633904276008564,0.6947791164658634
T4,BAAI/bge-small-en-v1.5,46,0.8204446884914435,0.9525305283683695,0.6373323725416742,
T9,sentence-transformers/all-mpnet-base-v2,42,0.850945975463332,0.9319505814995956,0.6396047856519291,0.6922690763052208
T9,sentence-transformers/all-mpnet-base-v2,43,0.8507176576621434,0.9317566112427065,0.6391826015935443,0.6920180722891566
T9,sentence-transformers/all-mpnet-base-v2,44,0.8500382242698037,0.930976932207535,0.6385573447848254,0.6917670682730924
T9,sentence-transformers/all-mpnet-base-v2,45,0.8509873425565195,0.9319505814995956,0.63952055701989,0.6923694779116466
T9,sentence-transformers/all-mpnet-base-v2,46,0.8506617471105519,0.9316405914044545,0.6392617976110787,0.692218875502008
T9,ProsusAI/finbert,42,0.8172325485655901,0.9325169278347988,0.5370179805376877,0.5931224899598394
T9,ProsusAI/finbert,43,0.8172325485655901,0.9325169278347988,0.5370179805376877,0.5931224899598394
T9,ProsusAI/finbert,44,0.8172325485655901,0.9325169278347988,0.5370179805376877,0.5931224899598394
T9,ProsusAI/finbert,45,0.8172318259596117,0.9325169278347988,0.537024563779574,0.5931224899598394
T9,ProsusAI/finbert,46,0.8172390505418949,0.9325169278347988,0.5370060467495321,0.5931224899598394
T9,text-embedding-3-small,42,0.8515470254257986,0.9320523206809465,0.6435963165085454,0.7154116465863454
T4,text-embedding-3-small,42,0.8216254020564409,0.9524143758242277,0.6434678562501411,
T9,text-embedding-3-small,43,0.8516073066895692,0.9320523206809465,0.6436019278627987,0.7151104417670683
T4,text-embedding-3-small,43,0.8217152475153707,0.9524143758242277,0.6437035148423657,
T9,text-embedding-3-small,44,0.8515964568388118,0.9320523206809465,0.6437092605820586,0.7152610441767068
T4,text-embedding-3-small,44,0.8216254020564409,0.9524143758242277,0.6434678562501411,
T9,text-embedding-3-small,45,0.851582651708363,0.9320523206809465,0.6436220223014524,0.7152610441767068
T4,text-embedding-3-small,45,0.8214819712106276,0.9524143758242277,0.6433683610989436,
T9,text-embedding-3-small,46,0.8514857092169575,0.9320523206809465,0.6434673413862327,0.7152610441767068
T4,text-embedding-3-small,46,0.8216254020564409,0.9524143758242277,0.6434678562501411,
