gold_category,pred_category,count
education_gov_membership,professional_services,33
industrial_hardware,professional_services,28
software_electronics,professional_services,22
software_electronics,education_gov_membership,18
professional_services,entertainment_media,17
software_electronics,entertainment_media,14
retail,professional_services,13
professional_services,health,13
professional_services,retail,13
professional_services,education_gov_membership,13
education_gov_membership,entertainment_media,11
entertainment_media,retail,11
entertainment_media,professional_services,11
entertainment_media,education_gov_membership,10
retail,education_gov_membership,10
education_gov_membership,health,10
office_supplies,professional_services,9
industrial_hardware,retail,9
industrial_hardware,office_supplies,8
software_electronics,retail,7
restaurants,entertainment_media,6
education_gov_membership,software_electronics,6
professional_services,industrial_hardware,5
education_gov_membership,retail,5
transport_auto_fuel,professional_services,5
software_electronics,industrial_hardware,5
transport_auto_fuel,industrial_hardware,5
restaurants,professional_services,5
industrial_hardware,education_gov_membership,4
financial_postal_shipping,transport_auto_fuel,4
office_supplies,retail,4
software_electronics,health,4
health,professional_services,4
industrial_hardware,health,3
office_supplies,entertainment_media,3
health,industrial_hardware,3
restaurants,retail,3
office_supplies,education_gov_membership,3
financial_postal_shipping,professional_services,3
retail,industrial_hardware,3
transport_auto_fuel,retail,3
retail,health,3
office_supplies,industrial_hardware,2
office_supplies,financial_postal_shipping,2
lodging,restaurants,2
office_supplies,software_electronics,2
professional_services,transport_auto_fuel,2
retail,office_supplies,2
retail,entertainment_media,2
transport_auto_fuel,telecom_utilities,2
entertainment_media,transport_auto_fuel,2
education_gov_membership,lodging,2
education_gov_membership,industrial_hardware,2
education_gov_membership,transport_auto_fuel,2
groceries,health,2
health,retail,2
industrial_hardware,entertainment_media,2
health,education_gov_membership,2
industrial_hardware,telecom_utilities,2
lodging,education_gov_membership,2
lodging,entertainment_media,2
entertainment_media,industrial_hardware,2
airlines_travel,entertainment_media,2
entertainment_media,health,1
education_gov_membership,telecom_utilities,1
education_gov_membership,office_supplies,1
retail,software_electronics,1
lodging,software_electronics,1
software_electronics,office_supplies,1
education_gov_membership,financial_postal_shipping,1
financial_postal_shipping,entertainment_media,1
transport_auto_fuel,education_gov_membership,1
transport_auto_fuel,entertainment_media,1
airlines_travel,transport_auto_fuel,1
airlines_travel,office_supplies,1
airlines_travel,lodging,1
telecom_utilities,transport_auto_fuel,1
groceries,entertainment_media,1
retail,financial_postal_shipping,1
financial_postal_shipping,retail,1
lodging,industrial_hardware,1
lodging,health,1
industrial_hardware,groceries,1
health,restaurants,1
professional_services,lodging,1
professional_services,office_supplies,1
professional_services,restaurants,1
health,entertainment_media,1
professional_services,software_electronics,1
professional_services,telecom_utilities,1
restaurants,education_gov_membership,1
groceries,retail,1
restaurants,lodging,1
lodging,retail,1
groceries,education_gov_membership,1
airlines_travel,education_gov_membership,1
