backbone,category,f1_FES_tail,f1_full_tail,delta_full_minus_FES,FES_support,full_support
all-MiniLM-L6-v2,airlines_travel,0.6286,0.7157,0.0871,69,327
all-MiniLM-L6-v2,education_gov_membership,0.7547,0.7398,-0.0149,1440,4060
all-MiniLM-L6-v2,entertainment_media,0.4806,0.4677,-0.013,241,708
all-MiniLM-L6-v2,financial_postal_shipping,0.3833,0.4925,0.1092,59,192
all-MiniLM-L6-v2,groceries,0.2222,0.4901,0.2678,16,77
all-MiniLM-L6-v2,health,0.6159,0.6502,0.0343,170,476
all-MiniLM-L6-v2,industrial_hardware,0.7657,0.6671,-0.0986,1206,2419
all-MiniLM-L6-v2,lodging,0.8638,0.8989,0.0352,940,2820
all-MiniLM-L6-v2,office_supplies,0.5227,0.5245,0.0018,299,825
all-MiniLM-L6-v2,professional_services,0.5091,0.481,-0.028,628,1806
all-MiniLM-L6-v2,restaurants,0.7188,0.6079,-0.1108,209,680
all-MiniLM-L6-v2,retail,0.4842,0.7296,0.2454,380,1952
all-MiniLM-L6-v2,software_electronics,0.6618,0.6414,-0.0204,735,2077
all-MiniLM-L6-v2,telecom_utilities,0.986,0.8677,-0.1183,568,802
all-MiniLM-L6-v2,transport_auto_fuel,0.5075,0.5185,0.0111,339,699
bge-small-en-v1.5,airlines_travel,0.6525,0.4783,-0.1742,69,327
bge-small-en-v1.5,education_gov_membership,0.7527,0.7341,-0.0185,1440,4060
bge-small-en-v1.5,entertainment_media,0.4688,0.4773,0.0086,241,708
bge-small-en-v1.5,financial_postal_shipping,0.4,0.4716,0.0716,59,192
bge-small-en-v1.5,groceries,0.4615,0.5753,0.1138,16,77
bge-small-en-v1.5,health,0.5604,0.6126,0.0522,170,476
bge-small-en-v1.5,industrial_hardware,0.7822,0.6826,-0.0996,1206,2419
bge-small-en-v1.5,lodging,0.9397,0.9246,-0.015,940,2820
bge-small-en-v1.5,office_supplies,0.5702,0.5585,-0.0117,299,825
bge-small-en-v1.5,professional_services,0.5256,0.5007,-0.0248,628,1806
bge-small-en-v1.5,restaurants,0.7709,0.6795,-0.0913,209,680
bge-small-en-v1.5,retail,0.489,0.7393,0.2503,380,1952
bge-small-en-v1.5,software_electronics,0.6572,0.6269,-0.0303,735,2077
bge-small-en-v1.5,telecom_utilities,0.9834,0.8641,-0.1192,568,802
bge-small-en-v1.5,transport_auto_fuel,0.553,0.585,0.032,339,699
