series,bin_centre,accuracy,n
unseen (f = 0),0.4352,0.2308,1499
unseen (f = 0),0.5435,0.2737,1498
unseen (f = 0),0.5858,0.3747,1497
unseen (f = 0),0.6219,0.3936,1489
unseen (f = 0),0.661,0.5318,1478
unseen (f = 0),0.6915,0.9052,1529
unseen (f = 0),0.731,0.7337,1472
unseen (f = 0),0.8025,0.8176,1524
unseen (f = 0),0.8707,0.9238,1233
unseen (f = 0),0.9496,0.8163,1764
observed tail (1 ≤ f ≤ 3),0.692,0.8042,286
observed tail (1 ≤ f ≤ 3),1.0,0.9862,650
observed tail (1 ≤ f ≤ 3),1.0,0.9649,1397
observed tail (1 ≤ f ≤ 3),1.0,0.9647,1924
observed tail (1 ≤ f ≤ 3),1.0,0.9882,680
head (f > 3),0.7464,0.9564,3277
head (f > 3),1.0,0.9304,4627
head (f > 3),1.0,0.949,19557
head (f > 3),1.0,0.9514,25114
head (f > 3),1.0,0.9424,10620
