window,fallback_rate,acc,cum_cost,index_size,cum_macro_f1,cum_macro_f1_tail,policy
0,0.022,0.946,0.11867334999999998,14879.0,0.8601672538688583,0.6037037037037037,gated@0.7
1,0.01,0.9339999999999999,0.17245994999999997,14879.0,0.8496681816790078,0.6944832944832945,gated@0.7
2,0.014000000000000002,0.938,0.24775619999999998,14879.0,0.8540936652273026,0.7301379176379177,gated@0.7
3,0.018,0.954,0.34451295000000004,14880.0,0.8621200497293895,0.7551533433886374,gated@0.7
4,0.006,0.952,0.37678910000000004,14880.0,0.9154813989238392,0.7651711034063974,gated@0.7
5,0.02,0.914,0.48469310000000004,14880.0,0.910804617501076,0.7459897454433738,gated@0.7
6,0.01,0.9640000000000001,0.5384573500000001,14884.0,0.9140918392287748,0.7903299952080439,gated@0.7
7,0.024,0.9480000000000001,0.66764155,14885.0,0.8999685067764229,0.7855068175681398,gated@0.7
8,0.022,0.95,0.7859693999999999,14886.0,0.9130942272919496,0.7831144258489607,gated@0.7
9,0.03,0.952,0.9472873499999999,14888.0,0.9179780936074706,0.791200656953521,gated@0.7
10,0.018,0.962,1.0440438,14888.0,0.916685295499262,0.7314977315217815,gated@0.7
11,0.02,0.9360000000000002,1.1515905000000002,14890.0,0.9189843359773622,0.7178953719500926,gated@0.7
12,0.018,0.942,1.2483758500000004,14890.0,0.9188840568378585,0.7184490524458249,gated@0.7
13,0.044,0.952,1.4850777499999994,14893.0,0.918965971696298,0.7257235248030948,gated@0.7
14,0.02,0.962,1.5926250499999992,14895.0,0.919418239437236,0.7173283141164335,gated@0.7
15,0.02,0.9480000000000001,1.7001897499999992,14900.0,0.920124769850393,0.7149519288513141,gated@0.7
16,0.014000000000000002,0.9399999999999998,1.775438299999999,14901.0,0.9194294554185157,0.7053843288830501,gated@0.7
17,0.016,0.9339999999999999,1.8614755999999992,14902.0,0.9194163224024103,0.7003371234685377,gated@0.7
18,0.028000000000000004,0.9339999999999999,2.0121314499999987,14903.0,0.9191085771429812,0.6937465248725143,gated@0.7
19,0.028000000000000004,0.9339999999999999,2.1625725499999984,14906.0,0.9186407596608179,0.7094742549719425,gated@0.7
20,0.018,0.9360000000000002,2.2593254499999977,14907.0,0.9174698086461988,0.7092408025719756,gated@0.7
21,0.02,0.9339999999999999,2.3668439999999977,14909.0,0.9172616494003855,0.7083182737487432,gated@0.7
22,0.032,0.9399999999999998,2.5393327999999973,14909.0,0.9190732104017364,0.7008478505847607,gated@0.7
23,0.026000000000000002,0.946,2.6790924499999975,14910.0,0.9191721020705877,0.6988208624704979,gated@0.7
24,0.01,0.9399999999999998,2.732864349999998,14910.0,0.919168750375702,0.7004602002186987,gated@0.7
25,0.02,0.944,2.8404042499999984,14910.0,0.9188348301295036,0.6942830805594399,gated@0.7
26,0.026000000000000002,0.9339999999999999,2.980274649999999,14912.0,0.9192852075160426,0.6942775965424024,gated@0.7
27,0.014000000000000002,0.938,3.055638999999999,14914.0,0.9192900548239951,0.698585456356779,gated@0.7
28,0.026000000000000002,0.916,3.195360899999999,14914.0,0.9181997829302324,0.6952293065243097,gated@0.7
29,0.022,0.946,3.313821249999998,14915.0,0.9199031617180864,0.6962766283150919,gated@0.7
30,0.018,0.922,3.410551749999997,14916.0,0.9182626370680491,0.6918527424496888,gated@0.7
31,0.016,0.9559999999999998,3.496631799999997,14916.0,0.9189716981503736,0.6947325422844461,gated@0.7
32,0.012,0.9280000000000002,3.561298599999996,14918.0,0.918046129303254,0.6954583481062439,gated@0.7
33,0.03,0.958,3.722764299999997,14919.0,0.9182416883926299,0.6950137717502091,gated@0.7
34,0.024,0.9280000000000002,3.851885899999998,14920.0,0.9180473344660868,0.6962441402808436,gated@0.7
35,0.02,0.9399999999999998,3.9594093999999975,14920.0,0.9179834809687193,0.6960434446072702,gated@0.7
36,0.028000000000000004,0.942,4.109933249999996,14921.0,0.9177962421272612,0.6939849732204171,gated@0.7
37,0.016,0.9120000000000001,4.196243999999996,14922.0,0.9177059927113081,0.6907328554518961,gated@0.7
38,0.032,0.9120000000000001,4.368305749999995,14925.0,0.917048986562923,0.692905236799912,gated@0.7
39,0.03,0.9280000000000002,4.529600299999994,14928.0,0.917142756454988,0.6952210332314015,gated@0.7
40,0.028000000000000004,0.954,4.680219999999992,14929.0,0.9174883826802083,0.6947928470545878,gated@0.7
41,0.028000000000000004,0.9280000000000002,4.830798399999994,14930.0,0.9172377863156524,0.6922981089527921,gated@0.7
42,0.028000000000000004,0.9360000000000002,4.981354499999995,14933.0,0.9176861423919057,0.6921481175193626,gated@0.7
43,0.022,0.954,5.099659299999994,14935.0,0.9194410479835428,0.692052594364714,gated@0.7
44,0.014000000000000002,0.938,5.174951999999994,14937.0,0.919303837445128,0.6866565093744664,gated@0.7
45,0.018,0.9360000000000002,5.271744049999994,14939.0,0.919328182186906,0.6850186564758391,gated@0.7
46,0.01,0.938,5.325515649999995,14941.0,0.9184182777779524,0.6875470953469149,gated@0.7
47,0.014000000000000002,0.944,5.4007703999999945,14942.0,0.9183454975230412,0.6880525757487181,gated@0.7
48,0.02,0.9099999999999999,5.508246549999995,14944.0,0.918269081147588,0.6914194036527757,gated@0.7
49,0.028000000000000004,0.9280000000000002,5.658744399999993,14945.0,0.9184004118996919,0.6906210359364212,gated@0.7
50,0.034,0.9120000000000001,5.841724099999993,14947.0,0.9182436517309505,0.6891030925679031,gated@0.7
51,0.028000000000000004,0.944,5.9922734999999925,14949.0,0.9185067473663263,0.68935680318825,gated@0.7
52,0.016,0.9399999999999998,6.078308149999992,14949.0,0.9172530889374311,0.710180014721721,gated@0.7
53,0.018,0.9399999999999998,6.175098349999991,14949.0,0.9173254036958067,0.7094463383031149,gated@0.7
54,0.028000000000000004,0.942,6.325725349999991,14953.0,0.917838573498711,0.7088650938455692,gated@0.7
55,0.026000000000000002,0.9259999999999999,6.46553884999999,14954.0,0.9157739285253308,0.6860387343334751,gated@0.7
56,0.014000000000000002,0.9339999999999999,6.54078424999999,14955.0,0.915663783639545,0.6884351080249554,gated@0.7
57,0.022,0.95,6.659149699999991,14956.0,0.9169008238407808,0.6893605553230565,gated@0.7
58,0.026000000000000002,0.93,6.798945749999992,14958.0,0.9168517157916508,0.6877168184706381,gated@0.7
59,0.026000000000000002,0.942,6.938722649999991,14959.0,0.9162750278566077,0.6864984037206151,gated@0.7
60,0.014000000000000002,0.9280000000000002,7.0139695999999905,14959.0,0.9162807272276897,0.6854279965418207,gated@0.7
61,0.026000000000000002,0.9339999999999999,7.1538046999999905,14962.0,0.9163869281293386,0.6848663480532955,gated@0.7
62,0.026000000000000002,0.93,7.29357424999999,14964.0,0.9167521873756531,0.6858687554566208,gated@0.7
63,0.016,0.954,7.379597349999992,14964.0,0.9169114294004554,0.6853587223801457,gated@0.7
64,0.024,0.9360000000000002,7.50864669999999,14966.0,0.9172866101123859,0.6870638929293815,gated@0.7
65,0.036,0.9339999999999999,7.702258999999989,14969.0,0.9174249771783932,0.7005739310682727,gated@0.7
66,0.02,0.924,7.809869449999991,14970.0,0.9168125897184638,0.7004716612315569,gated@0.7
67,0.018,0.9480000000000001,7.906613399999989,14970.0,0.9161486970139119,0.7001357366094149,gated@0.7
68,0.016,0.938,7.99260264999999,14971.0,0.9157041983591329,0.6979017308835618,gated@0.7
69,0.032,0.95,8.164758449999988,14972.0,0.9157026272623003,0.7173622415679208,gated@0.7
70,0.022,0.946,8.283048949999987,14972.0,0.9159564601085014,0.7149896949178751,gated@0.7
71,0.026000000000000002,0.944,8.422859849999986,14973.0,0.9159412627188882,0.7145876808747178,gated@0.7
72,0.034,0.95,8.605767999999987,14977.0,0.9162083831881465,0.7160891448727208,gated@0.7
73,0.034,0.942,8.788600149999988,14977.0,0.9164494958355511,0.7151001321662628,gated@0.7
74,0.032,0.954,8.960922799999985,14980.0,0.9167021934774755,0.7176987857288155,gated@0.7
75,0.03,0.922,9.122292849999985,14981.0,0.9157649921244804,0.714933382552663,gated@0.7
76,0.02,0.938,9.229776849999984,14982.0,0.9158181085550712,0.7258674640653036,gated@0.7
77,0.02,0.9339999999999999,9.337320299999986,14982.0,0.9158793867878361,0.727441173998714,gated@0.7
78,0.018,0.932,9.434137149999987,14982.0,0.915693899359702,0.7263164026388649,gated@0.7
79,0.018,0.93,9.530927399999987,14982.0,0.9155656246150443,0.7248762952355431,gated@0.7
80,0.02,0.882,9.638522249999985,14982.0,0.9155678402290663,0.7179986208598185,gated@0.7
81,0.014000000000000002,0.944,9.713874649999987,14983.0,0.9160725359680498,0.7183623696557394,gated@0.7
82,0.014000000000000002,0.952,9.789237999999989,14984.0,0.9165947034893722,0.7229571904920886,gated@0.7
83,0.02,0.93,9.896885799999987,14986.0,0.9166497431117945,0.7232427176711352,gated@0.7
84,0.042,0.942,10.122727949999984,14987.0,0.9169644964333707,0.7238523518126299,gated@0.7
85,0.038,0.922,10.327050999999983,14988.0,0.9157734172011536,0.7054610223463713,gated@0.7
86,0.02,0.9339999999999999,10.434628299999979,14989.0,0.9159492307529129,0.7022977325033848,gated@0.7
87,0.032,0.938,10.60670174999998,14990.0,0.9157766731434933,0.7030167765071612,gated@0.7
88,0.042,0.944,10.832547749999982,14992.0,0.9160135020797343,0.7031833512717889,gated@0.7
89,0.022,0.95,10.95086964999998,14994.0,0.9159262124975245,0.6972803139935111,gated@0.7
90,0.02,0.9280000000000002,11.05838389999998,14997.0,0.9157541676268413,0.6962152038650473,gated@0.7
91,0.024,0.882,11.187526249999976,14998.0,0.9151884629679202,0.6983291775635456,gated@0.7
92,0.024,0.906,11.316745649999977,15000.0,0.9150514642929306,0.6978045600996017,gated@0.7
93,0.02,0.9179999999999999,11.424261849999974,15002.0,0.9149995148281592,0.6967506244830934,gated@0.7
94,0.018,0.924,11.521069399999972,15003.0,0.9146371200786565,0.6956806145096016,gated@0.7
95,0.028000000000000004,0.914,11.671583049999969,15003.0,0.9144815511045439,0.6969659313662161,gated@0.7
96,0.04,0.9179999999999999,11.886741549999964,15004.0,0.9142801035542962,0.6948666001705286,gated@0.7
97,0.03,0.9179999999999999,12.048030999999966,15005.0,0.9140213928498607,0.69497809181053,gated@0.7
98,0.028000000000000004,0.944,12.198660249999964,15005.0,0.9143806270057931,0.6948691908828609,gated@0.7
99,0.016,0.95,12.284683649999963,15005.0,0.9145675371938105,0.6963473723677049,gated@0.7
100,0.028000000000000004,0.9040000000000001,12.435215999999961,15005.0,0.9129729771863444,0.6910586233415974,gated@0.7
101,0.028000000000000004,0.9339999999999999,12.585801499999963,15006.0,0.9128689083599362,0.6980745579580128,gated@0.7
102,0.04,0.938,12.801130949999964,15010.0,0.9123402993690488,0.6940924709152279,gated@0.7
103,0.02,0.9200000000000002,12.908636249999967,15011.0,0.9121095058781601,0.6947371908144144,gated@0.7
104,0.02,0.9259999999999999,13.016191899999964,15012.0,0.9120807288843651,0.6947060413353979,gated@0.7
105,0.046,0.884,13.26374374999997,15013.0,0.9117203082017159,0.6974941122806075,gated@0.7
106,0.018,0.942,13.360565899999965,15015.0,0.911781259519165,0.696437959614564,gated@0.7
107,0.0436,0.884,13.594941539999962,15016.8,0.9116598148667341,0.6912949823077902,gated@0.7
108,0.026000000000000002,0.924,13.734749939999961,15016.8,0.9115260828590198,0.6916713971302557,gated@0.7
109,0.026000000000000002,0.9179999999999999,13.874663039999955,15016.8,0.9109839965899754,0.6902697675391332,gated@0.7
110,0.036,0.906,14.068309989999955,15018.8,0.9105662969576486,0.6924359117981495,gated@0.7
111,0.027600000000000003,0.9144,14.21677229999995,15019.8,0.9102608124161243,0.6935724263130922,gated@0.7
112,0.026000000000000002,0.9339999999999999,14.356596199999956,15021.8,0.9102209951199833,0.693187185348424,gated@0.7
113,0.034,0.9399999999999998,14.540472249999954,15021.8,0.9108937683366015,0.6925414300118383,gated@0.7
114,0.034,0.944,14.723278549999952,15023.8,0.9110071391957533,0.6921734274191214,gated@0.7
115,0.028000000000000004,0.914,14.874089549999955,15024.8,0.910205663608037,0.6901049529060296,gated@0.7
116,0.012,0.93,14.938633149999955,15026.8,0.909922755613518,0.6863912775588393,gated@0.7
117,0.028000000000000004,0.914,15.089210299999953,15026.8,0.9094198995718241,0.6830460793104358,gated@0.7
118,0.032,0.9200000000000002,15.261341499999958,15026.8,0.9093210352501373,0.683103985588412,gated@0.7
119,0.032,0.9019999999999999,15.433421049999959,15026.8,0.9090428233521202,0.6809436955434872,gated@0.7
120,0.016,0.932,15.519467149999958,15027.8,0.9086689505490009,0.6769323290987056,gated@0.7
121,0.02,0.9259999999999999,15.627202999999957,15027.8,0.9085517849928039,0.6761934359362267,gated@0.7
122,0.036,0.916,15.820842749999958,15030.8,0.9084213240843187,0.675527510626988,gated@0.7
123,0.024,0.9200000000000002,15.94999839999996,15030.8,0.9080570070081773,0.6727709878150683,gated@0.7
124,0.03,0.908,16.111296999999954,15034.8,0.9081047880368528,0.6722162228979809,gated@0.7
125,0.036,0.89,16.304880299999954,15035.8,0.9076328150385891,0.6727096961837274,gated@0.7
126,0.066,0.9,16.659691349999957,15038.8,0.9071371792193499,0.6788750090885225,gated@0.7
127,0.05800000000000001,0.884,16.971598149999966,15039.8,0.9070319138414403,0.675336884565266,gated@0.7
128,0.032,0.9179999999999999,17.14368399999997,15043.8,0.9070728895961799,0.6748265313066957,gated@0.7
129,0.04,0.884,17.35874754999997,15045.8,0.9066690577207664,0.6723666677942587,gated@0.7
130,0.038,0.9280000000000002,17.563106849999965,15046.8,0.9062859838543732,0.672491944456842,gated@0.7
131,0.026000000000000002,0.906,17.703149399999973,15048.8,0.9062292990341504,0.6783024579842548,gated@0.7
132,0.036,0.8859999999999999,17.896834349999974,15050.8,0.9059851702927745,0.6814053885728641,gated@0.7
133,0.026000000000000002,0.9120000000000001,18.036698599999973,15052.8,0.9058627427419548,0.6815575132046403,gated@0.7
134,0.032,0.9280000000000002,18.208741449999977,15052.8,0.9057715780464305,0.6840203697432367,gated@0.7
135,0.03,0.892,18.370066399999974,15052.8,0.905445116324947,0.6834311336329348,gated@0.7
136,0.044,0.924,18.606684099999967,15053.8,0.9053966849575634,0.6837089993617766,gated@0.7
137,0.038,0.9040000000000001,18.811002899999966,15053.8,0.9052022093164064,0.6820165946791432,gated@0.7
138,0.032,0.892,18.98304514999997,15056.8,0.904870001999716,0.6817300413706266,gated@0.7
139,0.034,0.9099999999999999,19.16593269999996,15057.8,0.9052178969000775,0.6822095507232872,gated@0.7
140,0.02702702702702703,0.924924924924925,19.262714299999967,15057.8,0.9054135238182404,0.6822247994608321,gated@0.7
